1,  관광펜션업, 2005-08-29,휴업, 휴업, 강원도 고성군 토성면 용촌리 601-1, , 
2,  관광펜션업, 2007-01-09,휴업, 휴업, 강원도 고성군 토성면 용촌리 601-4, 24766, 
3,  관광펜션업, 2008-11-19,휴업, 휴업, 강원도 고성군 토성면 인흥리 632-1, 24766, 721.35
4,  관광펜션업, 2015-02-11,휴업, 휴업, 강원도 고성군 죽왕면 문암진리 81-25번지, 24752, 
5,  관광펜션업, 2009-07-07,휴업, 휴업, 충청북도 제천시 청풍면 교리 227-6번지, 390-832, 147.24
6,  관광펜션업, 2014-11-19,폐업, 폐업, 경상북도 경주시 하동, 38126, 125.86
7,  관광펜션업, 2014-11-19,폐업, 폐업, 경상북도 경주시 시래동, 38200, 217.44
8,  관광펜션업, 2017-09-05,폐업, 폐업, 경상북도 경주시 하동 656-39번지, 38126, 
9,  관광펜션업, 2017-09-05,폐업, 폐업, 경상북도 경주시 하동 656-9번지, 38126, 
10, 관광펜션업, 2015-07-01,폐업, 폐업, 충청남도 보령시 신흑동 2303-6, 33488, 379.17
11, 관광펜션업, 2016-06-29,폐업, 폐업, 충청남도 보령시 신흑동 2228-1번지, 33488, 
12, 관광펜션업, 2017-08-07,폐업, 폐업, 충청남도 보령시 신흑동 2305-2번지, 33488, 133.2
13, 관광펜션업, 2012-11-01,폐업, 폐업, 충청남도 예산군 덕산면 사동리 108-2번지, , 
14, 관광펜션업, 2007-10-11,폐업, 폐업, 충청남도 태안군 고남면 고남리 486-4번지, , 640.19
15, 관광펜션업, 2007-02-27,폐업, 폐업, 충청남도 태안군 남면 양잠리 1232-33번지, , 
16, 관광펜션업, 2011-08-12,폐업, 폐업, 충청남도 홍성군 서부면 남당리 384-3번지, 32206, 247.92
17, 관광펜션업, 2008-12-23,폐업, 폐업, 충청남도 태안군 원북면 청산리 87-54, 32111, 709.78
18, 관광펜션업, 2008-09-17,폐업, 폐업, 충청남도 태안군 남면 몽산리 680-2, 32152, 569.82
19, 관광펜션업, 2009-01-16,폐업, 폐업, 충청남도 태안군 남면 신온리 833-109번지, 32158, 
20, 관광펜션업, 2009-05-14,폐업, 폐업, 충청남도 태안군 남면 원청리 558-4번지, 32157, 394.08
21, 관광펜션업, 2009-01-16,폐업, 폐업, 충청남도 태안군 남면 신온리 833-170번지, 32158, 755.82
22, 관광펜션업, 2010-06-08,폐업, 폐업, 충청남도 태안군 남면 양잠리 1230-33번지, , 360.09
23, 관광펜션업, 2007-02-27,폐업, 폐업, 충청남도 태안군 남면 양잠리 1232-7번지, 357-952, 
24, 관광펜션업, 2017-08-28,폐업, 폐업, 충청남도 태안군 남면 양잠리 1230-28번지, 32155, 884.88
25, 관광펜션업, 2018-05-27,폐업, 폐업, 충청남도 태안군 고남면 고남리 829번지, 32172, 281.62
26, 관광펜션업, 2012-06-12,폐업, 폐업, 충청남도 태안군 남면 달산리 319-23번지 숙박시설, 32154, 
27, 관광펜션업, 2010-09-01,폐업, 폐업, 충청남도 태안군 남면 양잠리 1230-14번지, , 790.78
28, 관광펜션업, 2010-10-15,폐업, 폐업, 충청남도 태안군 남면 신온리 323-9번지, , 149.04
29, 관광펜션업, 2011-09-07,폐업, 폐업, 충청남도 태안군 남면 원청리 512-135, 32157, 813.39
30, 관광펜션업, 2018-12-27,폐업, 폐업, 인천광역시 강화군 하점면 장정리 479-1번지, 23014, 
31, 관광펜션업, 2019-01-25,폐업, 폐업, 경상남도 거제시 동부면 학동리 123-5번지, 53332, 224.01
32, 관광펜션업, 2004-10-27,폐업, 폐업, 경상북도 경주시 감포읍 감포리 549-1번지 2리, 38125, 370.86
33, 관광펜션업, 2010-12-09,폐업, 폐업, 경상북도 경주시 보문동 531-3번지, 38175, 
34, 관광펜션업, 2010-12-28,폐업, 폐업, 경상북도 경주시 하동 254-2번지, 38126, 144.22
35, 관광펜션업, 2011-01-18,폐업, 폐업, 경상북도 경주시 내남면 안심리 416번지, , 
36, 관광펜션업, 2011-03-08,폐업, 폐업, 경상북도 경주시 구정동 17번지, 38128, 
37, 관광펜션업, 2011-04-20,폐업, 폐업, 경상북도 경주시 외동읍 신계리 816-1번지, 38210, 
38, 관광펜션업, 2011-06-09,폐업, 폐업, 경상북도 경주시 천군동 862-14번지, , 
39, 관광펜션업, 2011-08-31,폐업, 폐업, 경상북도 경주시 양남면 신대리 461-1번지, , 
40, 관광펜션업, 2006-10-17,폐업, 폐업, 경상북도 경주시 하동 502-3번지, 38126, 
41, 관광펜션업, 2009-06-17,폐업, 폐업, 경상북도 경주시 내남면 노곡리 115-4번지, 38198, 
42, 관광펜션업, 2010-02-23,폐업, 폐업, 경상북도 경주시 하동 193번지, 38126, 
43, 관광펜션업, 2010-02-23,폐업, 폐업, 경상북도 경주시 하동 748-10번지, 38126, 
44, 관광펜션업, 2010-02-23,폐업, 폐업, 경상북도 경주시 하동 253-1번지, 38126, 
45, 관광펜션업, 2010-06-07,폐업, 폐업, 경상북도 경주시 황용동 25-1번지, 38115, 
46, 관광펜션업, 2010-06-07,폐업, 폐업, 경상북도 경주시 하동 654번지, 38126, 
47, 관광펜션업, 2010-06-07,폐업, 폐업, 경상북도 경주시 진현동 449번지, 38127, 
48, 관광펜션업, 2010-06-07,폐업, 폐업, 경상북도 경주시 하동 253번지, 38126, 
49, 관광펜션업, 2010-06-07,폐업, 폐업, 경상북도 경주시 천군동 449번지, 780-270, 
50, 관광펜션업, 2010-08-10,폐업, 폐업, 경상북도 경주시 하동 124-3번지, 38126, 
51, 관광펜션업, 2010-10-09,폐업, 폐업, 경상북도 경주시 천군동 1444-2번지, 38118, 
52, 관광펜션업, 2010-10-09,폐업, 폐업, 경상북도 경주시 천군동 1444-6번지, 38118, 
53, 관광펜션업, 2010-10-09,폐업, 폐업, 경상북도 경주시 천군동 1444-6번지, 38118, 
54, 관광펜션업, 2011-11-24,폐업, 폐업, 경상북도 경주시 구정동 292-5번지, 780-420, 
55, 관광펜션업, 2012-01-09,폐업, 폐업, 경상북도 경주시 마동 507번지, 780-410, 
56, 관광펜션업, 2010-10-29,폐업, 폐업, 경상북도 경주시 하동 115-3번지, 38126, 
57, 관광펜션업, 2010-11-08,폐업, 폐업, 경상북도 경주시 양남면 읍천리 342-4번지, , 
58, 관광펜션업, 2012-10-11,폐업, 폐업, 경상북도 경주시 마동 182-16번지, 38126, 
59, 관광펜션업, 2012-10-25,폐업, 폐업, 경상북도 경주시 하동 256-2번지, 38126, 
60, 관광펜션업, 2012-11-06,폐업, 폐업, 경상북도 경주시 양남면 수렴리 83번지, 38220, 
61, 관광펜션업, 2013-10-08,폐업, 폐업, 경상북도 경주시 하동 740-6번지, 38126, 229.82
62, 관광펜션업, 2013-11-14,폐업, 폐업, 경상북도 경주시 하동 83-13번지, 38126, 218.6
63, 관광펜션업, 2014-06-18,폐업, 폐업, 경상북도 경주시 진현동, 38127, 85.08
64, 관광펜션업, 2014-06-18,폐업, 폐업, 경상북도 경주시 하동, 780-430, 104.82
65, 관광펜션업, 2014-07-16,폐업, 폐업, 경상북도 경주시 하동, 38126, 131.75
66, 관광펜션업, 2014-03-07,폐업, 폐업, 경상북도 울릉군 울릉읍 사동리 383-18번지, 799-803, 245.79
67, 관광펜션업, 2011-06-13,폐업, 폐업, 경상북도 의성군 다인면 달제리 326-1번지, , 
68, 관광펜션업, 2014-03-21,폐업, 폐업, 경상북도 청송군 부동면 하의리 220-1번지, 37437, 228.68
69, 관광펜션업, 2014-07-21,폐업, 폐업, 인천광역시 옹진군 덕적면 서포리 310-3번지, 409-892, 303
70, 관광펜션업, 2004-04-03,폐업, 폐업, 충청남도 보령시 신흑동 946-4번지, 33490, 968.88
71, 관광펜션업, 2010-05-18,폐업, 폐업, 충청남도 보령시 신흑동 2213-13번지, 33489, 310.72
72, 관광펜션업, 2010-08-18,폐업, 폐업, 충청남도 보령시 신흑동 2260-6번지, 33489, 336.99
73, 관광펜션업, 2011-03-14,폐업, 폐업, 충청남도 보령시 신흑동 2260-1번지, 33489, 436.32
74, 관광펜션업, 2011-07-06,폐업, 폐업, 충청남도 보령시 신흑동 2219-4, 33489, 397.99
75, 관광펜션업, 2012-02-10,폐업, 폐업, 충청남도 보령시 신흑동 2220-1, 355-943, 280.65
76, 관광펜션업, 2012-11-12,폐업, 폐업, 충청남도 보령시 신흑동 2213-7번지, 33489, 206.52
77, 관광펜션업, 2012-11-27,폐업, 폐업, 충청남도 보령시 신흑동 2219-3번지, 355-943, 295.26
78, 관광펜션업, 2012-12-20,폐업, 폐업, 충청남도 보령시 신흑동 2219-7번지, 33489, 440.85
79, 관광펜션업, 2012-05-31,폐업, 폐업, 충청남도 논산시 벌곡면 수락리 287-2번지, , 
80, 관광펜션업, 2017-06-07,폐업, 폐업, 충청남도 논산시 벌곡면 도산리 90번지, 33028, 490.45
81, 관광펜션업, 2013-05-28,폐업, 폐업, 충청남도 보령시 신흑동 2303-2번지, 355-943, 314.17
82, 관광펜션업, 2013-07-01,폐업, 폐업, 충청남도 보령시 신흑동 2302-7, 33488, 380.04
83, 관광펜션업, 2013-07-05,폐업, 폐업, 충청남도 보령시 신흑동 2302-12번지, 33488, 378.84
84, 관광펜션업, 2007-08-09,폐업, 폐업, 경기도 여주시 금사면 이포리 13-3번지, , 225.89
85, 관광펜션업, 2019-04-29,폐업, 폐업, 충청남도 청양군 대치면 광대리 268-7, 33344, 0
86, 관광펜션업, 2010-08-31,폐업, 폐업, 부산광역시 기장군 장안읍 장안리 106-1번지, 46028, 143.26
87, 관광펜션업, 2010-12-09,폐업, 폐업, 전라북도 고창군 고창읍 월암리 373-1번지, 585-805, 
88, 관광펜션업, 2017-12-20,폐업, 폐업, 전라북도 정읍시 신정동 1590 내장산리조트관광단지팬션, 56212, 392.24
89, 관광펜션업, 2009-06-16,폐업, 폐업, 전라북도 부안군 진서면 진서리 31-83번지, 56345, 
90, 관광펜션업, 2012-11-27,폐업, 폐업, 전라북도 무주군 설천면 심곡리 567-1번지, 55555, 495
91, 관광펜션업, 2012-11-09,폐업, 폐업, 전라북도 부안군 변산면 도청리 535-1번지, 579-853, 229.41
92, 관광펜션업, 2014-12-08,폐업, 폐업, 전라북도 무주군 설천면 심곡리 463-2번지, 55555, 22537
93, 관광펜션업, 2010-08-04,폐업, 폐업, 전라북도 무주군 설천면 삼공리 318-1번지, , 173.98
94, 관광펜션업, 2010-08-05,폐업, 폐업, 전라북도 무주군 설천면 삼공리 742-4번지, , 267.82
95, 관광펜션업, 2010-08-10,폐업, 폐업, 전라북도 무주군 무풍면 삼거리 46-39번지, , 155.39
96, 관광펜션업, 2011-04-22,폐업, 폐업, 전라북도 무주군 설천면 심곡리 567-1번지, , 490.8
97, 관광펜션업, 2017-11-30,폐업, 폐업, 전라북도 무주군 설천면 삼공리 522-9번지, 55557, 904.46
98, 관광펜션업, 2016-03-14,폐업, 폐업, 경기도 파주시 파평면 율곡리 307-1번지, 10809, 
99, 관광펜션업, 2005-04-28,폐업, 폐업, 경기도 양평군 단월면 덕수리 370, , 214.53
100,    관광펜션업, 2012-12-12,폐업, 폐업, 경기도 양평군 단월면 부안리, 12528, 682.09
101,    관광펜션업, 2005-06-17,폐업, 폐업, 경기도 양평군 양평읍 백안리 17-32, , 198.87
102,    관광펜션업, 2011-02-21,폐업, 폐업, 경기도 양평군 강하면 왕창리 298-1, , 263.74
103,    관광펜션업, 2004-07-21,폐업, 폐업, 강원도 횡성군 둔내면 삽교리 1460번지, 25261, 343.02
104,    관광펜션업, 2006-09-18,폐업, 폐업, 강원도 횡성군 서원면 석화리 232번지, , 65.09
105,    관광펜션업, 2015-01-07,폐업, 폐업, 전라남도 나주시 석현동 203-2번지, 58243, 66.45
106,    관광펜션업, 2014-10-23,폐업, 폐업, 전라남도 진도군 의신면 초사리 657, 58936, 
107,    관광펜션업, 2012-12-24,폐업, 폐업, 전라남도 구례군 토지면 외곡리 505-7, 57623, 
108,    관광펜션업, 2010-09-15,폐업, 폐업, 전라남도 함평군 신광면 동정리 296번지 26통, 525-852, 507.68
109,    관광펜션업, 2012-12-05,폐업, 폐업, 전라남도 함평군 해보면 대각리 538-0번지, 57115, 774.7
110,    관광펜션업, 2017-11-07,폐업, 폐업, 전라남도 함평군 해보면 광암리 393-9번지, 57115, 168.95
111,    관광펜션업, 2011-06-09,폐업, 폐업, 전라남도 담양군 금성면 덕성리 512-1번지, 57352, 8380
112,    관광펜션업, 2011-11-01,폐업, 폐업, 전라남도 담양군 금성면 덕성리 512-1번지, 57352, 
113,    관광펜션업, 2016-02-04,폐업, 폐업, 전라남도 해남군 북평면 동해리 521번지, 59054, 303
114,    관광펜션업, 2006-06-09,폐업, 폐업, 경상남도 거제시 일운면 망치리 32-2번지, , 
115,    관광펜션업, 2019-10-08,폐업, 폐업, 충청남도 보령시 신흑동 2304-7번지, 33488, 378.96
116,    관광펜션업, 2004-12-27,폐업, 폐업, 경상남도 통영시 용남면 원평리 1172번지, , 434.25
117,    관광펜션업, 2010-07-09,폐업, 폐업, 경상남도 통영시 산양읍 영운리 506번지, , 
118,    관광펜션업, 2010-07-14,폐업, 폐업, 경상남도 통영시 용남면 화삼리 945-23번지, , 
119,    관광펜션업, 2010-08-09,폐업, 폐업, 경상남도 통영시 용남면 동달리 97번지, , 
120,    관광펜션업, 2010-10-29,폐업, 폐업, 경상남도 통영시 산양읍 영운리 478번지, , 
121,    관광펜션업, 2010-10-29,폐업, 폐업, 경상남도 통영시 산양읍 영운리 478-2번지, , 
122,    관광펜션업, 2010-10-29,폐업, 폐업, 경상남도 통영시 산양읍 영운리 478-3번지, , 
123,    관광펜션업, 2011-06-14,폐업, 폐업, 경상남도 통영시 욕지면 서산리 307-15번지, , 
124,    관광펜션업, 2011-08-11,폐업, 폐업, 경상남도 통영시 용남면 동달리 164-6번지, , 
125,    관광펜션업, 2012-06-19,폐업, 폐업, 경상남도 통영시 평림동 967-2, 53063, 
126,    관광펜션업, 2012-06-19,폐업, 폐업, 경상남도 통영시 평림동 967번지, 650-170, 
127,    관광펜션업, 2010-08-03,폐업, 폐업, 강원도 춘천시 남산면 창촌리 86-4번지, , 575.09
128,    관광펜션업, 2014-10-20,폐업, 폐업, 강원도 춘천시 남산면 서천리 319번지, 24464, 571.3
129,    관광펜션업, 2014-12-15,폐업, 폐업, 울산광역시 울주군 서생면 대송리 25-16, 45015, 578
130,    관광펜션업, 2017-08-31,폐업, 폐업, 전라남도 보성군 보성읍 보성리 1141-2, 59448, 98.01
131,    관광펜션업, 2018-02-05,폐업, 폐업, 전라남도 보성군 보성읍 봉산리 1145, 59448, 136.57
132,    관광펜션업, 2018-05-17,폐업, 폐업, 전라남도 보성군 벌교읍 장양리 558-3, 59419, 88.5
133,    관광펜션업, 2010-09-07,폐업, 폐업, 전라남도 무안군 몽탄면 봉명리 580번지, , 463
134,    관광펜션업, 2005-04-14,폐업, 폐업, 전라남도 무안군 망운면 피서리 809-54번지, 534-851, 1316.64
135,    관광펜션업, 2009-09-17,폐업, 폐업, 전라남도 영광군 염산면 두우리 969, 57067, 169.43
136,    관광펜션업, 2017-12-08,폐업, 폐업, 경기도 화성시 서신면 제부리 288-101, 18553, 195.6
137,    관광펜션업, 2020-03-06,폐업, 폐업, 강원도 춘천시 남산면 서천리 532, 24464, 198
138,    관광펜션업, 2020-03-05,폐업, 폐업, 강원도 원주시 소초면 학곡리 57-13, 26304, 171.66
139,    관광펜션업, 2010-07-08,폐업, 폐업, 경상남도 거제시 장목면 유호리 78-32번지, , 221.68
140,    관광펜션업, 2013-02-26,폐업, 폐업, 경상남도 거제시 남부면 저구리 737-70, 53333, 196.92
141,    관광펜션업, 2013-07-19,폐업, 폐업, 경상남도 거제시 장목면 관포리 586-2번지, 656-832, 228.29
142,    관광펜션업, 2017-04-10,폐업, 폐업, 경상남도 거제시 하청면 석포리 24-12번지, 53205, 
143,    관광펜션업, 2013-07-19,폐업, 폐업, 경상남도 거제시 장목면 관포리 581-4번지, 656-832, 228.29
144,    관광펜션업, 2013-07-19,폐업, 폐업, 경상남도 거제시 장목면 관포리 581-7번지, 656-832, 228.29
145,    관광펜션업, 2013-07-19,폐업, 폐업, 경상남도 거제시 장목면 관포리 586-7번지, 656-832, 228.47
146,    관광펜션업, 2013-07-19,폐업, 폐업, 경상남도 거제시 장목면 관포리 581-4번지, 656-832, 228.47
147,    관광펜션업, 2014-06-17,폐업, 폐업, 경상남도 거제시 동부면 학동리 229-2번지, 656-852, 385.3
148,    관광펜션업, 2015-06-15,폐업, 폐업, 경상남도 거제시 일운면 망치리 463-2, 53329, 188.8
149,    관광펜션업, 2017-02-20,폐업, 폐업, 경상남도 거제시 하청면 석포리 24-6번지, 53205, 
150,    관광펜션업, 2017-02-20,폐업, 폐업, 경상남도 거제시 하청면 석포리 24-7번지, 53205, 
151,    관광펜션업, 2004-06-21,폐업, 폐업, 강원도 정선군 정선읍 회동리 168번지, , 717.84
152,    관광펜션업, 2004-09-24,폐업, 폐업, 강원도 정선군 정선읍 덕송리 408번지, , 317.35
153,    관광펜션업, 2008-05-08,폐업, 폐업, 강원도 정선군 정선읍 회동리 171-1번지, 233-802, 299.69
154,    관광펜션업, 2017-02-14,폐업, 폐업, 강원도 정선군 남면 무릉리 741-5, 26146, 
155,    관광펜션업, 2017-02-17,폐업, 폐업, 강원도 정선군 남면 741-6번지, 26146, 
156,    관광펜션업, 2018-05-08,폐업, 폐업, 강원도 삼척시 근덕면 장호리 185-4번지, 25938, 416.94
157,    관광펜션업, 2004-08-03,폐업, 폐업, 강원도 홍천군 홍천읍 삼마치리 385번지, , 267.89
158,    관광펜션업, 2004-04-30,폐업, 폐업, 강원도 홍천군 서면 대곡리 1040-1번지, , 
159,    관광펜션업, 2007-06-27,폐업, 폐업, 강원도 홍천군 북방면 노일리 901-3번지, 25111, 
160,    관광펜션업, 2010-03-25,폐업, 폐업, 강원도 홍천군 서석면 수하리 1301-8번지, , 
161,    관광펜션업, 2012-06-27,폐업, 폐업, 강원도 홍천군 내촌면 광암리 472-4번지, 25161, 191.5
162,    관광펜션업, 2006-04-17,폐업, 폐업, 강원도 양양군 손양면 도화리 183-12번지, , 752.76
163,    관광펜션업, 2006-04-17,폐업, 폐업, 강원도 양양군 손양면 도화리 183-4번지, , 804.18
164,    관광펜션업, 2010-09-07,폐업, 폐업, 강원도 양양군 서면 내현리 30-15, 25038, 
165,    관광펜션업, 2011-08-22,폐업, 폐업, 강원도 양양군 서면 내현리 30-16, , 
166,    관광펜션업, 2020-05-15,폐업, 폐업, 경상남도 거제시 동부면 가배리 738-5, 53330, 
167,    관광펜션업, 2010-10-27,폐업, 폐업, 경상남도 남해군 상주면 상주리 230번지, , 956.96
168,    관광펜션업, 2017-07-13,폐업, 폐업, 경상남도 거제시 장목면 시방리 301-9, 53202, 
169,    관광펜션업, 2018-04-30,폐업, 폐업, 경상남도 거제시 일운면 망치리 58-2번지, 53329, 213.87
170,    관광펜션업, 2014-01-03,폐업, 폐업, 경상남도 통영시 욕지면 동항리 409-2번지, 650-913, 229.48
171,    관광펜션업, 2014-09-01,폐업, 폐업, 경상남도 통영시 산양읍 신전리 175-1번지, 53086, 
172,    관광펜션업, 2014-11-06,폐업, 폐업, 경상남도 통영시 용남면 장문리 915-1번지, 53017, 
173,    관광펜션업, 2014-12-04,폐업, 폐업, 경상남도 통영시 용남면 원평리 1151번지, 53023, 
174,    관광펜션업, 2015-05-26,폐업, 폐업, 경상남도 통영시 산양읍 미남리 92-6번지, 53087, 
175,    관광펜션업, 2016-05-04,폐업, 폐업, 경상남도 통영시 산양읍 영운리 529-1번지, 53085, 
176,    관광펜션업, 2018-03-20,폐업, 폐업, 경상남도 통영시 욕지면 동항리 1245-2 펜션, 53100, 107.52
177,    관광펜션업, 2010-11-22,폐업, 폐업, 강원도 평창군 봉평면 흥정리 250-8번지, , 197.21
178,    관광펜션업, 2012-11-16,폐업, 폐업, 강원도 평창군 봉평면 면온리 697-8번지, 25309, 156.64
179,    관광펜션업, 2014-06-03,폐업, 폐업, 강원도 평창군 진부면 수항리 208-2번지, 25337, 115.05
180,    관광펜션업, 2004-04-28,폐업, 폐업, 강원도 평창군 방림면 계촌리 2223번지, , 990
181,    관광펜션업, 2005-05-23,폐업, 폐업, 강원도 평창군 봉평면 면온리 693-11번지, , 454
182,    관광펜션업, 2007-12-28,폐업, 폐업, 강원도 평창군 방림면 계촌리 2226-1번지, , 990
183,    관광펜션업, 2008-05-13,폐업, 폐업, 강원도 평창군 진부면 탑동리 339-3번지, , 225.47
184,    관광펜션업, 2013-10-14,폐업, 폐업, 강원도 홍천군 서면 팔봉리 993-2번지 1통1반, 25101, 652
185,    관광펜션업, 2017-11-22,폐업, 폐업, 강원도 홍천군 서면 대곡리 25번지, 25103, 
186,    관광펜션업, 2013-10-30,폐업, 폐업, 강원도 홍천군 서면 팔봉리 978-2번지 0통, 25101, 153.06
187,    관광펜션업, 2015-02-03,폐업, 폐업, 강원도 홍천군 남면 월천리 103-1, 250-871, 252.57
188,    관광펜션업, 2015-04-27,폐업, 폐업, 강원도 홍천군 북방면 장항리 98-3, 25116, 161.09
189,    관광펜션업, 2016-02-24,폐업, 폐업, 강원도 홍천군 북방면 장항리 201-30, 25116, 336.14
190,    관광펜션업, 2016-02-24,폐업, 폐업, 강원도 홍천군 북방면 장항리 201-31, 25116, 310.64
191,    관광펜션업, 2011-10-10,폐업, 폐업, 강원도 양구군 양구읍 상리 525-4번지, , 160.72
192,    관광펜션업, 2003-12-18,폐업, 폐업, 강원도 강릉시 저동 64-6번지, , 195.4
193,    관광펜션업, 2004-08-02,폐업, 폐업, 강원도 강릉시 사천면 석교리 343-1번지, , 
194,    관광펜션업, 2009-06-11,폐업, 폐업, 강원도 강릉시 강동면 정동진리 산 33-1번지, , 5866.13
195,    관광펜션업, 2012-03-29,폐업, 폐업, 강원도 강릉시 연곡면 삼산리, 210-863, 
196,    관광펜션업, 2011-01-12,폐업, 폐업, 강원도 태백시 황지동 496-2번지, 235-019, 213.39
197,    관광펜션업, 2012-07-17,폐업, 폐업, 강원도 고성군 토성면 천진리 47번지, 24764, 
198,    관광펜션업, 2021-09-17,폐업, 폐업, 충청남도 태안군 안면읍 황도리 64-25 바다가되고싶어요, 32160, 232.8
199,    관광펜션업, 2021-04-26,폐업, 폐업, 충청남도 태안군 안면읍 황도리 73-4, 32160, 363.67
200,    관광펜션업, 2010-11-18,폐업, 폐업, 경상남도 산청군 산청읍 차탄리 498-1번지, , 95.28
201,    관광펜션업, 2010-11-18,폐업, 폐업, 경상남도 산청군 산청읍 차탄리 498-2번지, , 95.28
202,    관광펜션업, 2012-10-22,폐업, 폐업, 경상남도 산청군 산청읍 내리 877번지, 666-801, 
203,    관광펜션업, 2012-10-23,폐업, 폐업, 경상남도 산청군 시천면 중산리 544번지, 52236, 
204,    관광펜션업, 2014-06-05,폐업, 폐업, 경상남도 산청군 삼장면 평촌리 614번지, 52232, 
205,    관광펜션업, 2010-11-18,폐업, 폐업, 경상남도 산청군 산청읍 차탄리 498-3번지, 666-800, 92.76
206,    관광펜션업, 2007-11-26,폐업, 폐업, 경상남도 밀양시 산내면 삼양리 1870-3번지, 50415, 147
207,    관광펜션업, 2010-03-25,폐업, 폐업, 경상남도 밀양시 단장면 범도리 1067-3번지 외 1, 50418, 
208,    관광펜션업, 2004-12-15,폐업, 폐업, 경상남도 거제시 일운면 소동리 129번지, , 132.7
209,    관광펜션업, 2004-12-15,폐업, 폐업, 경상남도 거제시 일운면 소동리 129-2번지, , 141.02
210,    관광펜션업, 2004-12-15,폐업, 폐업, 경상남도 거제시 일운면 소동리 130-1번지, , 134.92
211,    관광펜션업, 2007-01-22,폐업, 폐업, 경상남도 거제시 일운면 망치리 8-1번지, , 
212,    관광펜션업, 2008-08-06,폐업, 폐업, 경상남도 거제시 장목면 외포리 1256-2번지 외 11필지(1,6,8,9,10,11,15,16,17,22,23), , 1445.99
213,    관광펜션업, 2009-02-25,폐업, 폐업, 경상남도 거제시 일운면 망치리 9-42번지, , 273.88
214,    관광펜션업, 2009-02-25,폐업, 폐업, 경상남도 거제시 일운면 망치리 9-41번지, , 341.43
215,    관광펜션업, 2009-03-05,폐업, 폐업, 경상남도 거제시 일운면 소동리 158-9, , 143.82
216,    관광펜션업, 2009-06-16,폐업, 폐업, 경상남도 거제시 일운면 망치리 45-8번지, 656-891, 410.52
217,    관광펜션업, 2009-12-30,폐업, 폐업, 경상남도 남해군 창선면 동대리 116번지, , 385.1
218,    관광펜션업, 2010-01-18,폐업, 폐업, 경상남도 남해군 창선면 동대리 114-15번지, , 235.91
219,    관광펜션업, 2018-09-20,폐업, 폐업, 경상북도 포항시 남구 구룡포읍 석병리 603, 37930, 
220,    관광펜션업, 2018-09-20,폐업, 폐업, 경상북도 포항시 남구 구룡포읍 석병리 603, 37930, 
221,    관광펜션업, 2021-03-08,폐업, 폐업, 경기도 가평군 가평읍 금대리 55-36, 12428, 
222,    관광펜션업, 2017-12-06,폐업, 폐업, 세종특별자치시 장군면 금암리 367-12 청벽비발디, 30056, 
223,    관광펜션업, 2012-04-18,폐업, 폐업, 경기도 남양주시 수동면 지둔리 48-7번지, 12028, 160.67
224,    관광펜션업, 2009-05-06,폐업, 폐업, 경기도 가평군 북면 백둔리 342-2번지, 12406, 148.25
225,    관광펜션업, 2009-05-06,폐업, 폐업, 경기도 가평군 북면 백둔리 342-3번지, 12406, 149.42
226,    관광펜션업, 2010-03-11,폐업, 폐업, 경기도 가평군 가평읍 산유리 48-1번지, 477-803, 396.85
227,    관광펜션업, 2010-11-19,폐업, 폐업, 경기도 가평군 북면 백둔리 45-5번지, 12406, 669.61
228,    관광펜션업, 2012-09-28,폐업, 폐업, 경기도 가평군 청평면 대성리 402-1번지 외1필지, 12457, 396.72
229,    관광펜션업, 2012-12-10,폐업, 폐업, 경기도 가평군 하면 하판리 417-10번지, 477-833, 428.45
230,    관광펜션업, 2014-02-04,폐업, 폐업, 경기도 가평군 청평면 대성리 413-3번지, 12457, 271.07
231,    관광펜션업, 2014-06-16,폐업, 폐업, 경기도 가평군 청평면 대성리 422-2번지, 12457, 364
232,    관광펜션업, 2018-07-23,폐업, 폐업, 경기도 가평군 청평면 고성리 720-2, 12456, 152.78
233,    관광펜션업, 2017-05-22,폐업, 폐업, 경기도 광주시 도척면 궁평리 401-1번지, 12808, 156.4
234,    관광펜션업, 2009-07-07,폐업, 폐업, 충청북도 제천시 청풍면 교리 227-4번지, 390-824, 144.27
235,    관광펜션업, 2009-07-07,폐업, 폐업, 충청북도 제천시 청풍면 교리 227-3번지, 27215, 117.06
236,    관광펜션업, 2009-07-07,폐업, 폐업, 충청북도 제천시 청풍면 교리 227-2번지, 27215, 143.23
237,    관광펜션업, 2009-07-07,폐업, 폐업, 충청북도 제천시 청풍면 교리 227-1번지, 27215, 154.2
238,    관광펜션업, 2009-07-07,폐업, 폐업, 충청북도 제천시 청풍면 교리 227-5번지, 27215, 134.35
239,    관광펜션업, 2009-07-09,폐업, 폐업, 충청북도 제천시 청풍면 교리 227-2번지, , 
240,    관광펜션업, 2009-07-09,폐업, 폐업, 충청북도 제천시 청풍면 교리 227-1번지, , 
241,    관광펜션업, 2009-07-09,폐업, 폐업, 충청북도 제천시 청풍면 교리 227-5번지, , 
242,    관광펜션업, 2009-07-09,폐업, 폐업, 충청북도 제천시 청풍면 교리 227-3번지, , 
243,    관광펜션업, 2009-07-09,폐업, 폐업, 충청북도 제천시 청풍면 교리 227-4번지, , 
244,    관광펜션업, 2009-07-09,폐업, 폐업, 충청북도 제천시 청풍면 교리 227-6번지, , 
245,    관광펜션업, 2003-12-03,폐업, 폐업, 충청북도 단양군 가곡면 가대리 1132번지, 395-820, 153.76
246,    관광펜션업, 2004-10-19,폐업, 폐업, 충청북도 단양군 가곡면 가대리 1134번지, 395-820, 204.42
247,    관광펜션업, 2004-06-25,폐업, 폐업, 충청북도 단양군 가곡면 가대리 1131번지, 395-820, 
248,    관광펜션업, 2005-04-15,폐업, 폐업, 충청북도 단양군 단양읍 천동리 177-8번지, 27024, 199.88
249,    관광펜션업, 2003-12-03,폐업, 폐업, 충청북도 제천시 청풍면 계산리 13-1번지, , 
250,    관광펜션업, 2009-08-06,폐업, 폐업, 인천광역시 강화군 화도면 내리 2159-15번지, 417-861, 201.95
251,    관광펜션업, 2018-10-10,폐업, 폐업, 인천광역시 강화군 강화읍 월곳리 173-8번지, 23021, 
252,    관광펜션업, 2005-10-31,영업/정상, 영업중, 경상북도 문경시 마성면 신현리 468-10, 36923, 135.1
253,    관광펜션업, 2003-12-29,영업/정상, 영업중, 경상북도 문경시 문경읍 요성리 188번지, 745-803, 231.86
254,    관광펜션업, 2008-05-22,영업/정상, 영업중, 경상북도 문경시 문경읍 하초리 365번지, , 3206
255,    관광펜션업, 2015-06-26,영업/정상, 영업중, 경상북도 경주시 마동, 38126, 
256,    관광펜션업, 2009-08-21,영업/정상, 영업중, 경상북도 문경시 문경읍 고요리 72-1번지, 36912, 118.3
257,    관광펜션업, 2010-02-19,영업/정상, 영업중, 경상북도 문경시 가은읍 완장리 432번지, 36993, 131
258,    관광펜션업, 2013-04-23,영업/정상, 영업중, 경상북도 문경시 문경읍 상초리 288-8, 36919, 63
259,    관광펜션업, 2016-06-09,영업/정상, 영업중, 경상북도 문경시 문경읍 상초리 288-10번지, 36919, 490.95
260,    관광펜션업, 2015-06-19,영업/정상, 영업중, 충청남도 보령시 남포면 월전리 산 154-1 102동, 33501, 128.48
261,    관광펜션업, 2015-06-19,영업/정상, 영업중, 충청남도 보령시 남포면 월전리 산 154-1번지 205동, 33501, 116.73
262,    관광펜션업, 2015-06-19,영업/정상, 영업중, 충청남도 보령시 남포면 월전리 산 154-1번지 206동, 33501, 116.73
263,    관광펜션업, 2015-06-25,영업/정상, 영업중, 충청남도 보령시 신흑동 2257-2번지, 33489, 386.4
264,    관광펜션업, 2016-08-19,영업/정상, 영업중, 충청남도 보령시 신흑동 2301-11번지, 33488, 218
265,    관광펜션업, 2018-06-07,영업/정상, 영업중, 충청남도 보령시 신흑동 2302-3번지, 33488, 390.96
266,    관광펜션업, 2018-07-24,영업/정상, 영업중, 충청남도 보령시 신흑동 2256-4번지, 33489, 498.29
267,    관광펜션업, 2015-06-18,영업/정상, 영업중, 충청남도 보령시 남포면 월전리 산 154-1번지 101, 204동, 33501, 385.4
268,    관광펜션업, 2006-11-14,영업/정상, 영업중, 충청남도 태안군 남면 양잠리 1230-66번지, 32155, 
269,    관광펜션업, 2008-06-12,영업/정상, 영업중, 충청남도 태안군 남면 원청리 512-31번지, 32157, 425.46
270,    관광펜션업, 2008-12-04,영업/정상, 영업중, 충청남도 태안군 남면 양잠리 1230-11번지, 32155, 658.14
271,    관광펜션업, 2008-06-12,영업/정상, 영업중, 충청남도 태안군 남면 양잠리 1230-18, 32155, 790.78
272,    관광펜션업, 2008-06-12,영업/정상, 영업중, 충청남도 태안군 안면읍 정당리 1300-3번지, 32163, 93.92
273,    관광펜션업, 2009-05-29,영업/정상, 영업중, 충청남도 태안군 남면 신장리 353-41번지, 32153, 287.82
274,    관광펜션업, 2010-05-11,영업/정상, 영업중, 충청남도 태안군 남면 원청리 512-20번지, , 334.99
275,    관광펜션업, 2010-07-27,영업/정상, 영업중, 충청남도 태안군 근흥면 도황리 346-16번지, 32130, 614.88
276,    관광펜션업, 2010-08-05,영업/정상, 영업중, 충청남도 태안군 남면 신온리 952-19, , 559.29
277,    관광펜션업, 2006-06-12,영업/정상, 영업중, 충청남도 태안군 남면 양잠리 1230-19번지, 32155, 
278,    관광펜션업, 2008-01-15,영업/정상, 영업중, 충청남도 태안군 안면읍 정당리 1314-7번지, 32163, 297
279,    관광펜션업, 2008-02-20,영업/정상, 영업중, 충청남도 태안군 남면 양잠리 1230-15, 32155, 673
280,    관광펜션업, 2008-05-29,영업/정상, 영업중, 충청남도 태안군 고남면 장곡리 403-18번지, 32170, 522.84
281,    관광펜션업, 2011-09-30,영업/정상, 영업중, 충청남도 서산시 운산면 고풍리 166-2번지, 356-835, 1000
282,    관광펜션업, 2010-08-05,영업/정상, 영업중, 충청남도 태안군 이원면 내리 584-16, , 789.01
283,    관광펜션업, 2010-08-06,영업/정상, 영업중, 충청남도 태안군 남면 신온리 952-5번지 엘도라도, 32158, 520.62
284,    관광펜션업, 2008-05-29,영업/정상, 영업중, 충청남도 태안군 고남면 장곡리 403-17번지 지중해아침, 32170, 612.74
285,    관광펜션업, 2012-08-22,영업/정상, 영업중, 충청남도 태안군 원북면 신두리 1414-4번지, , 385.54
286,    관광펜션업, 2012-05-17,영업/정상, 영업중, 충청남도 태안군 남면 몽산리 661-9번지, 32152, 408.41
287,    관광펜션업, 2014-07-08,영업/정상, 영업중, 충청남도 태안군 고남면 장곡리 141-1번지, 32170, 979
288,    관광펜션업, 2010-08-17,영업/정상, 영업중, 충청남도 태안군 남면 원청리 562-16번지, , 340.54
289,    관광펜션업, 2010-12-02,영업/정상, 영업중, 충청남도 태안군 안면읍 정당리 968-5번지, , 446.15
290,    관광펜션업, 2010-12-06,영업/정상, 영업중, 충청남도 태안군 남면 원청리 512-131번지, , 998.96
291,    관광펜션업, 2011-02-22,영업/정상, 영업중, 충청남도 태안군 태안읍 삭선리 340-14번지, , 1092.64
292,    관광펜션업, 2011-07-11,영업/정상, 영업중, 충청남도 태안군 남면 양잠리 1230-86번지, , 246.97
293,    관광펜션업, 2011-09-23,영업/정상, 영업중, 충청남도 태안군 남면 원청리 512-33번지, , 993.09
294,    관광펜션업, 2012-05-25,영업/정상, 영업중, 충청남도 태안군 원북면 청산리, 357-913, 742.25
295,    관광펜션업, 2022-03-24,영업/정상, 영업중, 경상남도 통영시 산양읍 풍화리 1491-1 2층, 53080, 84.01
296,    관광펜션업, 2018-12-27,영업/정상, 영업중, 전라남도 신안군 압해읍 학교리 336-14번지, 58824, 260.76
297,    관광펜션업, 2019-01-17,영업/정상, 영업중, 인천광역시 강화군 화도면 내리 1793, 23060, 
298,    관광펜션업, 2019-01-23,영업/정상, 영업중, 경상남도 하동군 북천면 방화리 618번지, 52317, 
299,    관광펜션업, 2019-02-19,영업/정상, 영업중, 경상남도 양산시 원동면 대리 988-2, 50584, 0
300,    관광펜션업, 2019-01-28,영업/정상, 영업중, 경상북도 포항시 남구 장기면 두원리 82번지, 37947, 
301,    관광펜션업, 2019-03-22,영업/정상, 영업중, 경상남도 통영시 산양읍 남평리 1359-4번지, 53084, 
302,    관광펜션업, 2019-03-20,영업/정상, 영업중, 강원도 영월군 김삿갓면 주문리 6-1번지, 26246, 1726.19
303,    관광펜션업, 2019-01-09,영업/정상, 영업중, 전라남도 신안군 압해읍 학교리 336-14번지, 58824, 356.92
304,    관광펜션업, 2019-02-13,영업/정상, 영업중, 강원도 인제군 상남면 미산리 598-7번지, 24666, 175.82
305,    관광펜션업, 2019-03-05,영업/정상, 영업중, 충청남도 보령시 신흑동 2303-9번지, 33488, 130.22
306,    관광펜션업, 2019-03-25,영업/정상, 영업중, 경상북도 영주시 아지동 445-12번지, 36054, 229.52
307,    관광펜션업, 2022-04-25,영업/정상, 영업중, 경상북도 문경시 동로면 생달리 437, 36902, 192.73
308,    관광펜션업, 2016-06-28,영업/정상, 영업중, 경상북도 영덕군 병곡면 병곡리 1-5번지, 36404, 995.18
309,    관광펜션업, 2006-07-18,영업/정상, 영업중, 경상북도 영덕군 남정면 남호리 18-4, 766-841, 907
310,    관광펜션업, 2011-09-15,영업/정상, 영업중, 경상북도 영덕군 강구면 하저리 14-1, 36453, 506.92
311,    관광펜션업, 2012-02-27,영업/정상, 영업중, 경상북도 영덕군 병곡면 병곡리 24번지 8통3반, 766-853, 1009.04
312,    관광펜션업, 2014-11-17,영업/정상, 영업중, 경상북도 영덕군 병곡면 백석리 340-1번지, 36403, 1226.97
313,    관광펜션업, 2017-11-08,영업/정상, 영업중, 경상북도 영덕군 병곡면 병곡리 15-2번지, 36404, 994.13
314,    관광펜션업, 2016-11-16,영업/정상, 영업중, 경상북도 구미시 남통동 312-3, 39309, 1092
315,    관광펜션업, 2007-05-10,영업/정상, 영업중, 경상북도 상주시 사벌국면 삼덕리 3-4, 37128, 573.92
316,    관광펜션업, 2012-09-13,영업/정상, 영업중, 경상북도 경주시 탑동 56-11번지, 38172, 
317,    관광펜션업, 2014-04-03,영업/정상, 영업중, 경상북도 경주시 시래동 738번지, 38200, 225
318,    관광펜션업, 2014-08-26,영업/정상, 영업중, 경상북도 경주시 진현동, 38127, 453.2
319,    관광펜션업, 2012-04-17,영업/정상, 영업중, 경상북도 울릉군 북면 천부리 718-44, 40211, 132.78
320,    관광펜션업, 2013-03-13,영업/정상, 영업중, 경상북도 울릉군 울릉읍 사동리 338-17, 40228, 992.58
321,    관광펜션업, 2013-08-09,영업/정상, 영업중, 경상북도 울릉군 울릉읍 도동리 146-2 해오름펜션, 40227, 77.23
322,    관광펜션업, 2013-10-11,영업/정상, 영업중, 경상북도 울릉군 북면 천부리 462-2, 40212, 647.55
323,    관광펜션업, 2015-07-06,영업/정상, 영업중, 경상북도 울릉군 울릉읍 사동리 285-1번지, 40230, 30.84
324,    관광펜션업, 2015-08-13,영업/정상, 영업중, 경상북도 울릉군 북면 현포리 527-10, 40205, 531.12
325,    관광펜션업, 2015-12-01,영업/정상, 영업중, 경상북도 울릉군 울릉읍 사동리 546, 40232, 154.25
326,    관광펜션업, 2013-09-04,영업/정상, 영업중, 경상북도 울진군 기성면 망양리 3번지, 36347, 
327,    관광펜션업, 2013-09-04,영업/정상, 영업중, 경상북도 울진군 기성면 망양리 3, 36347, 
328,    관광펜션업, 2017-05-31,영업/정상, 영업중, 경상북도 울릉군 울릉읍 사동리 544, 40232, 549.26
329,    관광펜션업, 2017-06-08,영업/정상, 영업중, 경상북도 울릉군 울릉읍 사동리 219-1, 40230, 321.96
330,    관광펜션업, 2018-05-17,영업/정상, 영업중, 경상북도 울릉군 울릉읍 도동리 300-22, 40220, 322.14
331,    관광펜션업, 2014-07-21,영업/정상, 영업중, 경상북도 봉화군 소천면 고선리 558번지, 36264, 176.84
332,    관광펜션업, 2010-05-17,영업/정상, 영업중, 경상북도 청송군 진보면 괴정리 206-3, , 730.05
333,    관광펜션업, 2015-06-18,영업/정상, 영업중, 충청남도 보령시 남포면 월전리 산 154-1번지, 33501, 128.48
334,    관광펜션업, 2009-12-28,영업/정상, 영업중, 충청남도 보령시 신흑동 2222-12번지, 33489, 344.52
335,    관광펜션업, 2010-10-20,영업/정상, 영업중, 충청남도 보령시 신흑동 2258-1번지, 33489, 317.98
336,    관광펜션업, 2011-03-14,영업/정상, 영업중, 충청남도 보령시 신흑동 2261-6번지, 33489, 379.76
337,    관광펜션업, 2011-07-20,영업/정상, 영업중, 충청남도 보령시 신흑동 2260-10번지, 33489, 393.36
338,    관광펜션업, 2011-12-07,영업/정상, 영업중, 충청남도 보령시 오천면 원산도리 1671-33번지, 355-846, 1155.59
339,    관광펜션업, 2012-07-17,영업/정상, 영업중, 충청남도 보령시 신흑동 2302-9번지, 355-944, 367.95
340,    관광펜션업, 2012-07-17,영업/정상, 영업중, 충청남도 보령시 신흑동 2302-2번지, 33488, 367.95
341,    관광펜션업, 2015-11-11,영업/정상, 영업중, 충청남도 공주시 반포면 학봉리 427-1번지, 32626, 
342,    관광펜션업, 2015-11-11,영업/정상, 영업중, 충청남도 공주시 반포면 마암리 648-7번지, 32620, 
343,    관광펜션업, 2012-11-21,영업/정상, 영업중, 충청남도 보령시 신흑동 2222-4번지, 33489, 341.49
344,    관광펜션업, 2013-05-15,영업/정상, 영업중, 충청남도 보령시 신흑동 2303-3, 33488, 362.04
345,    관광펜션업, 2017-06-07,영업/정상, 영업중, 충청남도 논산시 벌곡면 도산리 90-3, 33028, 980.9
346,    관광펜션업, 2012-11-21,영업/정상, 영업중, 충청남도 보령시 신흑동 2219-2번지, 33489, 370.98
347,    관광펜션업, 2013-07-01,영업/정상, 영업중, 충청남도 보령시 신흑동 2258-3번지, 33489, 317.08
348,    관광펜션업, 2013-07-02,영업/정상, 영업중, 충청남도 보령시 신흑동 2301-10번지, 33488, 391.08
349,    관광펜션업, 2014-07-16,영업/정상, 영업중, 충청남도 보령시 신흑동 2304-6번지, 33488, 
350,    관광펜션업, 2014-08-13,영업/정상, 영업중, 충청남도 보령시 남포면 월전리 844번지, 33501, 3100.72
351,    관광펜션업, 2014-08-25,영업/정상, 영업중, 충청남도 보령시 신흑동 1951, 33488, 934.17
352,    관광펜션업, 2015-04-06,영업/정상, 영업중, 충청남도 보령시 오천면 원산도리 1671-27번지, 33411, 389.85
353,    관광펜션업, 2015-04-06,영업/정상, 영업중, 충청남도 보령시 남포면 월전리 844번지, 33501, 128.48
354,    관광펜션업, 2015-05-06,영업/정상, 영업중, 충청남도 보령시 신흑동 2301-12번지, 33488, 368.55
355,    관광펜션업, 2015-10-06,영업/정상, 영업중, 경기도 여주시 점동면 당진리 7-7번지, 12668, 223.48
356,    관광펜션업, 2019-03-12,영업/정상, 영업중, 경상북도 영주시 아지동 445-3번지, 36054, 228.94
357,    관광펜션업, 2019-02-26,영업/정상, 영업중, 경상남도 남해군 미조면 송정리 526번지, 52441, 
358,    관광펜션업, 2019-04-16,영업/정상, 영업중, 전라남도 여수시 돌산읍 평사리 1385번지, 59771, 173.73
359,    관광펜션업, 2019-05-22,영업/정상, 영업중, 전라남도 고흥군 봉래면 신금리 976-2번지, 59569, 212.41
360,    관광펜션업, 2019-05-22,영업/정상, 영업중, 전라남도 고흥군 봉래면 신금리 976-2번지, 59569, 212.41
361,    관광펜션업, 2019-04-12,영업/정상, 영업중, 경상북도 칠곡군 석적읍 반계리 182번지, 39848, 249.11
362,    관광펜션업, 2004-08-16,영업/정상, 영업중, 인천광역시 강화군 삼산면 매음리 650-56 노을내리는아름다운집, 23007, 
363,    관광펜션업, 2019-05-17,영업/정상, 영업중, 경상남도 거제시 남부면 저구리 372번지 주1동, 53333, 
364,    관광펜션업, 2019-05-16,영업/정상, 영업중, 경기도 가평군 청평면 대성리 428-23, 12457, 464.65
365,    관광펜션업, 2019-05-13,영업/정상, 영업중, 경상남도 통영시 산양읍 풍화리 365, 53081, 
366,    관광펜션업, 2019-04-22,영업/정상, 영업중, 경상북도 안동시 남후면 광음리 48-1, 36755, 0
367,    관광펜션업, 2019-05-16,영업/정상, 영업중, 충청북도 제천시 한수면 송계리 106-7번지, 27226, 212.4
368,    관광펜션업, 2006-03-31,영업/정상, 영업중, 강원도 인제군 인제읍 가리산리 334-1, 24643, 479.6
369,    관광펜션업, 2006-03-31,영업/정상, 영업중, 강원도 인제군 기린면 방동리 443-1 1통5반, 24656, 185.24
370,    관광펜션업, 2012-11-23,영업/정상, 영업중, 강원도 인제군 인제읍 고사리 170, 24640, 806
371,    관광펜션업, 2016-05-18,영업/정상, 영업중, 인천광역시 옹진군 영흥면 내리 1327-16, 23117, 763
372,    관광펜션업, 2017-04-11,영업/정상, 영업중, 인천광역시 옹진군 영흥면 선재리 543, 23122, 4848
373,    관광펜션업, 2017-05-16,영업/정상, 영업중, 인천광역시 옹진군 북도면 장봉리 12-4, 23112, 1649
374,    관광펜션업, 2017-09-29,영업/정상, 영업중, 인천광역시 옹진군 영흥면 내리 8-256, 23118, 1949.58
375,    관광펜션업, 2015-01-26,영업/정상, 영업중, 전라남도 해남군 송지면 송호리 1250, 59065, 235.5
376,    관광펜션업, 2016-03-17,영업/정상, 영업중, 전라북도 정읍시 부전동 866-10번지, 56198, 232.95
377,    관광펜션업, 2015-07-10,영업/정상, 영업중, 충청남도 서천군 서면 도둔리 1412번지, 33603, 892.87
378,    관광펜션업, 2018-03-27,영업/정상, 영업중, 전라북도 부안군 변산면 격포리 124-3번지 해넘이타운, 56338, 
379,    관광펜션업, 2018-06-19,영업/정상, 영업중, 전라북도 부안군 변산면 운산리 455-89번지, 56342, 
380,    관광펜션업, 2014-03-03,영업/정상, 영업중, 전라북도 남원시 산내면 내령리 255-2번지 지리산밸리, 55805, 503.64
381,    관광펜션업, 2014-03-21,영업/정상, 영업중, 전라북도 남원시 산내면 덕동리 328-4번지, 55805, 275.7
382,    관광펜션업, 2014-03-31,영업/정상, 영업중, 전라북도 남원시 산내면 덕동리 336-3번지, 55805, 191.18
383,    관광펜션업, 2014-04-25,영업/정상, 영업중, 전라북도 남원시 주천면 호기리 241-3, 55802, 1542
384,    관광펜션업, 2011-04-28,영업/정상, 영업중, 전라북도 무주군 설천면 심곡리 668번지, , 751.47
385,    관광펜션업, 2012-06-27,영업/정상, 영업중, 전라북도 무주군 설천면 삼공리 524-8번지, 55557, 385.02
386,    관광펜션업, 2012-09-21,영업/정상, 영업중, 전라북도 부안군 변산면 격포리 643-8번지, 56340, 
387,    관광펜션업, 2012-10-18,영업/정상, 영업중, 전라북도 부안군 진서면 운호리 155-10번지, 56341, 188.39
388,    관광펜션업, 2015-06-30,영업/정상, 영업중, 전라북도 부안군 변산면 격포리 652-8, 56340, 611.25
389,    관광펜션업, 2017-06-30,영업/정상, 영업중, 전라북도 부안군 변산면 도청리 152-2번지, 56340, 134.08
390,    관광펜션업, 2017-06-30,영업/정상, 영업중, 전라북도 부안군 변산면 도청리 110번지, 56338, 
391,    관광펜션업, 2017-07-03,영업/정상, 영업중, 전라북도 부안군 변산면 격포리 110번지, 56338, 
392,    관광펜션업, 2017-07-03,영업/정상, 영업중, 전라북도 부안군 변산면 도청리 152-2번지, 56340, 134.08
393,    관광펜션업, 2013-07-22,영업/정상, 영업중, 전라북도 무주군 설천면 삼공리 348-10, 55557, 
394,    관광펜션업, 2014-12-08,영업/정상, 영업중, 전라북도 무주군 설천면 심곡리 463-1번지, 55555, 224.08
395,    관광펜션업, 2016-01-07,영업/정상, 영업중, 전라북도 무주군 설천면 심곡리 624-6번지, 55555, 393.36
396,    관광펜션업, 2018-03-13,영업/정상, 영업중, 전라북도 무주군 설천면 삼공리 282번지 9동, 55557, 347.09
397,    관광펜션업, 2005-11-04,영업/정상, 영업중, 전라북도 무주군 무풍면 삼거리 137-1번지, 55563, 388.92
398,    관광펜션업, 2005-02-24,영업/정상, 영업중, 전라북도 무주군 설천면 삼공리 820-5, , 244.25
399,    관광펜션업, 2008-05-27,영업/정상, 영업중, 전라북도 무주군 설천면 삼공리 734번지, 568-814, 519
400,    관광펜션업, 2009-11-02,영업/정상, 영업중, 전라북도 무주군 설천면 심곡리 646번지, , 697.11
401,    관광펜션업, 2009-06-02,영업/정상, 영업중, 전라북도 무주군 설천면 삼공리 377-1번지, , 299.82
402,    관광펜션업, 2010-03-30,영업/정상, 영업중, 전라북도 무주군 설천면 심곡리 738-7번지, , 575.16
403,    관광펜션업, 2010-03-30,영업/정상, 영업중, 전라북도 무주군 설천면 심곡리 698번지, 55555, 366
404,    관광펜션업, 2011-04-18,영업/정상, 영업중, 전라북도 무주군 설천면 심곡리 615-1번지, , 487.12
405,    관광펜션업, 2011-04-19,영업/정상, 영업중, 전라북도 무주군 설천면 심곡리 576-2번지, , 1270.27
406,    관광펜션업, 2011-04-28,영업/정상, 영업중, 전라북도 무주군 설천면 심곡리 668-1, 55555, 705.6
407,    관광펜션업, 2016-01-14,영업/정상, 영업중, 전라북도 무주군 적상면 괴목리 591-1번지, 55530, 227.93
408,    관광펜션업, 2009-09-07,영업/정상, 영업중, 경기도 파주시 법원읍 법원리 140-2번지, 10826, 
409,    관광펜션업, 2018-01-23,영업/정상, 영업중, 경기도 용인시 처인구 포곡읍 전대리 191-33번지, 17023, 227.85
410,    관광펜션업, 2006-12-20,영업/정상, 영업중, 경기도 포천시 일동면 기산리 23-31번지, , 141.88
411,    관광펜션업, 2012-06-13,영업/정상, 영업중, 경기도 포천시 일동면 기산리 695번지, 11119, 652.83
412,    관광펜션업, 2012-07-05,영업/정상, 영업중, 경기도 포천시 신북면 삼정리 517-2번지, 11137, 221.02
413,    관광펜션업, 2014-05-23,영업/정상, 영업중, 경기도 포천시 군내면 상성북리 350-37번지, 11152, 588.2
414,    관광펜션업, 2017-06-16,영업/정상, 영업중, 경기도 포천시 소흘읍 고모리 719-3번지, 11185, 148.44
415,    관광펜션업, 2004-10-29,영업/정상, 영업중, 경기도 양평군 양평읍 백안리 17-2번지, 12547, 763.7
416,    관광펜션업, 2016-04-20,영업/정상, 영업중, 경기도 양평군 강상면 병산리 881-2, 12571, 194.92
417,    관광펜션업, 2009-12-24,영업/정상, 영업중, 경기도 양평군 양평읍 백안리 30번지, , 232.74
418,    관광펜션업, 2010-06-04,영업/정상, 영업중, 경기도 양평군 단월면 산음리 859-1, , 228.82
419,    관광펜션업, 2011-01-18,영업/정상, 영업중, 경기도 양주시 장흥면 석현리 359-3, 11519, 
420,    관광펜션업, 2011-04-27,영업/정상, 영업중, 경기도 양주시 장흥면 석현리 360-19, 11519, 
421,    관광펜션업, 2019-05-31,영업/정상, 영업중, 경상남도 거제시 사등면 창호리 1065번지, 53273, 
422,    관광펜션업, 2019-06-07,영업/정상, 영업중, 경상남도 통영시 산양읍 풍화리 756번지, 53080, 
423,    관광펜션업, 2019-07-10,영업/정상, 영업중, 강원도 춘천시 남산면 방곡리 252-3, 24465, 259.93
424,    관광펜션업, 2019-07-29,영업/정상, 영업중, 충청남도 보령시 신흑동 2261-5, 33489, 369
425,    관광펜션업, 2019-09-06,영업/정상, 영업중, 충청남도 보령시 신흑동 2303-5번지, 33488, 393.32
426,    관광펜션업, 2019-09-02,영업/정상, 영업중, 경상남도 산청군 삼장면 내원리 46-2, 52235, 0
427,    관광펜션업, 2019-08-06,영업/정상, 영업중, 충청남도 보령시 신흑동 2260-3번지, 33489, 390.42
428,    관광펜션업, 2019-08-06,영업/정상, 영업중, 경상북도 포항시 남구 장기면 대진리 191번지, 37943, 
429,    관광펜션업, 2019-07-25,영업/정상, 영업중, 충청남도 태안군 원북면 방갈리 515-78번지, 32105, 1211.43
430,    관광펜션업, 2019-07-09,영업/정상, 영업중, 경상남도 통영시 도산면 저산리 668번지, 53004, 
431,    관광펜션업, 2019-08-19,영업/정상, 영업중, 경상남도 거제시 하청면 어온리 13, 53203, 
432,    관광펜션업, 2019-07-05,영업/정상, 영업중, 충청남도 보령시 신흑동 2306-6번지, 33488, 496.3
433,    관광펜션업, 2019-07-05,영업/정상, 영업중, 충청남도 보령시 신흑동 2306-2, 33488, 359.52
434,    관광펜션업, 2022-04-14,영업/정상, 영업중, 경상남도 통영시 도산면 저산리 710-1, 53004, 212.5
435,    관광펜션업, 2022-04-18,영업/정상, 영업중, 경기도 화성시 서신면 제부리 8-3, 18553, 559.91
436,    관광펜션업, 2006-10-17,영업/정상, 영업중, 강원도 횡성군 서원면 석화리 232, , 149.22
437,    관광펜션업, 2008-01-28,영업/정상, 영업중, 강원도 횡성군 둔내면 삽교리 795번지, 25261, 300.08
438,    관광펜션업, 2014-08-26,영업/정상, 영업중, 전라남도 곡성군 죽곡면 용정리 219, 57550, 
439,    관광펜션업, 2014-08-13,영업/정상, 영업중, 전라남도 광양시 옥룡면 동곡리 631번지, 57703, 1566
440,    관광펜션업, 2017-09-14,영업/정상, 영업중, 전라남도 광양시 옥룡면 동곡리 1233-2번지, 57703, 935.22
441,    관광펜션업, 2016-07-25,영업/정상, 영업중, 전라남도 나주시 남평읍 교원리 464-4, 58228, 370
442,    관광펜션업, 2014-08-19,영업/정상, 영업중, 전라남도 영광군 낙월면 송이리 산 270번지, 57068, 561.04
443,    관광펜션업, 2016-05-23,영업/정상, 영업중, 전라남도 영광군 불갑면 모악리 359번지, 57058, 2996
444,    관광펜션업, 2016-11-01,영업/정상, 영업중, 전라남도 진도군 임회면 죽림리 1091-7번지, 58944, 
445,    관광펜션업, 2012-06-14,영업/정상, 영업중, 전라남도 여수시 돌산읍 평사리 338-5번지, 59774, 581.99
446,    관광펜션업, 2012-05-16,영업/정상, 영업중, 전라남도 구례군 산동면 수기리 244-5번지, 57601, 126.62
447,    관광펜션업, 2012-05-23,영업/정상, 영업중, 전라남도 구례군 산동면 수기리 244-3번지, 57601, 142.59
448,    관광펜션업, 2014-04-28,영업/정상, 영업중, 전라남도 구례군 토지면 외곡리 777-5번지, 57623, 
449,    관광펜션업, 2016-03-02,영업/정상, 영업중, 전라남도 구례군 구례읍 봉서리 2129번지, 57660, 123
450,    관광펜션업, 2012-12-14,영업/정상, 영업중, 전라남도 신안군 증도면 방축리 415-1번지, 58807, 215.59
451,    관광펜션업, 2013-12-23,영업/정상, 영업중, 전라남도 신안군 증도면 증동리 1863-1번지, 58807, 119.3
452,    관광펜션업, 2014-02-06,영업/정상, 영업중, 전라남도 신안군 증도면 증동리 1863번지, 58807, 187.1
453,    관광펜션업, 2018-06-29,영업/정상, 영업중, 전라남도 신안군 암태면 기동리 452-2번지, 58834, 484.44
454,    관광펜션업, 2011-08-10,영업/정상, 영업중, 전라남도 해남군 송지면 통호리 588-4번지, 59066, 203.29
455,    관광펜션업, 2015-03-17,영업/정상, 영업중, 전라남도 해남군 삼산면 구림리 138-32번지, 59047, 448.74
456,    관광펜션업, 2015-11-03,영업/정상, 영업중, 전라남도 해남군 문내면 무고리 1055번지, 59003, 600.04
457,    관광펜션업, 2011-12-09,영업/정상, 영업중, 전라남도 영암군 영암읍 개신리 319-4번지, 58424, 868.14
458,    관광펜션업, 2015-07-08,영업/정상, 영업중, 전라남도 영암군 군서면 도갑리 204-1번지, 58434, 
459,    관광펜션업, 2017-02-10,영업/정상, 영업중, 전라남도 장흥군 안양면 비동리 188번지, 59338, 120.4
460,    관광펜션업, 2017-09-28,영업/정상, 영업중, 경상남도 남해군 서면 정포리 1028번지, 52406, 183.31
461,    관광펜션업, 2019-08-09,영업/정상, 영업중, 경상남도 통영시 용남면 삼화리 296-3번지, 53025, 
462,    관광펜션업, 2019-07-12,영업/정상, 영업중, 강원도 고성군 토성면 봉포리 167-4번지, 24765, 
463,    관광펜션업, 2019-08-21,영업/정상, 영업중, 전라북도 부안군 변산면 대항리 630-1번지, 56342, 303.36
464,    관광펜션업, 2019-09-08,영업/정상, 영업중, 경상북도 포항시 남구 장기면 대진리 192-8번지, 37943, 
465,    관광펜션업, 2019-12-16,영업/정상, 영업중, 경상남도 거제시 동부면 구천리 896-2번지, 53332, 118.55
466,    관광펜션업, 2019-10-14,영업/정상, 영업중, 경상남도 의령군 궁류면 벽계리 453번지 벽계관광지 통나무집, 52115, 
467,    관광펜션업, 2019-12-02,영업/정상, 영업중, 인천광역시 중구 중산동 1946-14 씨사이드에비뉴, 22393, 0
468,    관광펜션업, 2019-12-02,영업/정상, 영업중, 경상남도 남해군 미조면 송정리 967-2, 52441, 198.9
469,    관광펜션업, 2019-12-02,영업/정상, 영업중, 경상남도 남해군 미조면 송정리 967-2번지, 52441, 196.65
470,    관광펜션업, 2019-10-10,영업/정상, 영업중, 경상북도 청도군 각남면 구곡리 627-8번지, 38321, 1356
471,    관광펜션업, 2019-12-05,영업/정상, 영업중, 강원도 홍천군 서면 모곡리 305-13번지, 25100, 69.36
472,    관광펜션업, 2019-12-05,영업/정상, 영업중, 강원도 홍천군 서면 모곡리 305-11번지, 25100, 54.42
473,    관광펜션업, 2019-12-05,영업/정상, 영업중, 강원도 홍천군 서면 모곡리 305-15번지, 25100, 54.3
474,    관광펜션업, 2019-12-05,영업/정상, 영업중, 강원도 홍천군 서면 모곡리 305-4번지, 25100, 76.72
475,    관광펜션업, 2019-12-05,영업/정상, 영업중, 강원도 홍천군 서면 모곡리 305-7번지, 25100, 76.36
476,    관광펜션업, 2019-12-24,영업/정상, 영업중, 경상남도 산청군 단성면 운리 73-50, 52241, 0
477,    관광펜션업, 2019-12-26,영업/정상, 영업중, 충청남도 보령시 남포면 월전리 616-15번지, 33502, 276.06
478,    관광펜션업, 2019-10-15,영업/정상, 영업중, 경상북도 문경시 가은읍 갈전리 603-1번지, 36997, 191.96
479,    관광펜션업, 2019-11-29,영업/정상, 영업중, 울산광역시 울주군 온산읍 강양리 63-2번지, 45008, 345.66
480,    관광펜션업, 2019-11-29,영업/정상, 영업중, 울산광역시 울주군 온산읍 강양리 63-2번지, 45008, 281.1
481,    관광펜션업, 2019-10-04,영업/정상, 영업중, 경기도 용인시 처인구 양지면 평창리 680번지, 17163, 
482,    관광펜션업, 2019-11-12,영업/정상, 영업중, 전라남도 영암군 영암읍 개신리 484-30번지, 58424, 
483,    관광펜션업, 2019-11-19,영업/정상, 영업중, 충청남도 보령시 신흑동 2261-3번지, 33489, 385.2
484,    관광펜션업, 2019-10-20,영업/정상, 영업중, 경상남도 거제시 남부면 갈곶리 387-8번지, 53334, 
485,    관광펜션업, 2019-10-23,영업/정상, 영업중, 강원도 강릉시 안현동 188번지 바다가 좋아펜션, 25459, 397.72
486,    관광펜션업, 2019-11-27,영업/정상, 영업중, 강원도 양양군 손양면 동호리 1-20번지, 25042, 
487,    관광펜션업, 2019-11-22,영업/정상, 영업중, 경상남도 남해군 상주면 상주리 100-1번지, 52441, 862.2
488,    관광펜션업, 2022-02-11,영업/정상, 영업중, 강원도 양양군 손양면 상왕도리 742, 25044, 167
489,    관광펜션업, 2022-01-28,영업/정상, 영업중, 경상북도 청도군 운문면 신원리 413, 38368, 172.78
490,    관광펜션업, 2022-01-28,영업/정상, 영업중, 경상북도 청도군 운문면 신원리 417, 38368, 412.64
491,    관광펜션업, 2022-03-29,영업/정상, 영업중, 경상남도 거제시 장목면 율천리 130-3 주2동, 53202, 0
492,    관광펜션업, 2022-03-29,영업/정상, 영업중, 경상남도 거제시 장목면 율천리 129-3 주2동, 53202, 0
493,    관광펜션업, 2022-03-29,영업/정상, 영업중, 경상남도 거제시 장목면 율천리 129-3, 53202, 0
494,    관광펜션업, 2022-03-29,영업/정상, 영업중, 경상남도 거제시 장목면 율천리 129-3 주5,6동, 53202, 0
495,    관광펜션업, 2022-03-14,영업/정상, 영업중, 강원도 홍천군 서면 대곡리 1027-12, 25103, 1595.29
496,    관광펜션업, 2022-02-23,영업/정상, 영업중, 강원도 강릉시 성산면 보광리 487, 25442, 0
497,    관광펜션업, 2022-02-09,영업/정상, 영업중, 강원도 강릉시 사천면 사천진리 192-4, 25435, 0
498,    관광펜션업, 2022-02-03,영업/정상, 영업중, 충청남도 태안군 안면읍 황도리 8-61, , 206.69
499,    관광펜션업, 2022-02-04,영업/정상, 영업중, 전라북도 부안군 변산면 운산리 356-186, 56339, 614
500,    관광펜션업, 2022-02-14,영업/정상, 영업중, 경기도 화성시 서신면 제부리 41-4, 18553, 40.5
501,    관광펜션업, 2010-06-25,영업/정상, 영업중, 경상남도 통영시 한산면 비진리 364번지, , 358.14
502,    관광펜션업, 2011-07-07,영업/정상, 영업중, 경상남도 통영시 산양읍 미남리 236번지, , 
503,    관광펜션업, 2010-08-10,영업/정상, 영업중, 경상남도 통영시 산양읍 영운리 29번지, , 
504,    관광펜션업, 2010-09-09,영업/정상, 영업중, 경상남도 통영시 용남면 화삼리 918번지, , 
505,    관광펜션업, 2011-10-21,영업/정상, 영업중, 경상남도 통영시 산양읍 미남리 467번지, , 
506,    관광펜션업, 2012-08-02,영업/정상, 영업중, 경상남도 통영시 용남면 장문리 911-2번지, 53017, 
507,    관광펜션업, 2012-08-02,영업/정상, 영업중, 경상남도 통영시 용남면 장문리 911-4번지, 53017, 
508,    관광펜션업, 2012-12-31,영업/정상, 영업중, 경상남도 통영시 용남면 화삼리 1번지, 53029, 
509,    관광펜션업, 2008-08-01,영업/정상, 영업중, 강원도 원주시 지정면 판대리 370-26, 26357, 218.45
510,    관광펜션업, 2015-05-12,영업/정상, 영업중, 울산광역시 울주군 상북면 이천리 642-1번지, 44909, 705
511,    관광펜션업, 2015-11-05,영업/정상, 영업중, 울산광역시 울주군 상북면 이천리 520-1번지, 44909, 1408
512,    관광펜션업, 2017-07-20,영업/정상, 영업중, 경상북도 영덕군 병곡면 병곡리 360번지, 36404, 1825.99
513,    관광펜션업, 2015-06-24,영업/정상, 영업중, 경상북도 영덕군 강구면 금진리 23번지, 36453, 337.57
514,    관광펜션업, 2014-08-02,영업/정상, 영업중, 전라남도 순천시 대대동 232-6, 58027, 229.28
515,    관광펜션업, 2015-06-05,영업/정상, 영업중, 전라남도 순천시 대대동 229-1번지, 58027, 343.3
516,    관광펜션업, 2004-11-15,영업/정상, 영업중, 전라남도 보성군 보성읍 봉산리 795-13번지, 59448, 495.71
517,    관광펜션업, 2011-06-21,영업/정상, 영업중, 전라남도 보성군 회천면 동율리 732번지, 59471, 164.69
518,    관광펜션업, 2015-08-24,영업/정상, 영업중, 전라남도 순천시 대대동 229번지, 58027, 323.62
519,    관광펜션업, 2016-11-04,영업/정상, 영업중, 전라남도 순천시 해룡면 해창리 258-3, 58025, 463.56
520,    관광펜션업, 2018-07-25,영업/정상, 영업중, 전라남도 보성군 문덕면 용암리 1065-5번지, 59400, 119.24
521,    관광펜션업, 2014-05-27,영업/정상, 영업중, 전라남도 고흥군 금산면 신평리 280번지 외 2필지(280-11, 277-9), 59566, 585.9
522,    관광펜션업, 2018-01-08,영업/정상, 영업중, 전라남도 고흥군 금산면 신평리 277-3번지, 59566, 
523,    관광펜션업, 2018-01-24,영업/정상, 영업중, 전라남도 고흥군 금산면 신평리 277-16번지, 59566, 115.29
524,    관광펜션업, 2018-03-30,영업/정상, 영업중, 전라남도 고흥군 금산면 신평리 1001-1, 59565, 686.76
525,    관광펜션업, 2010-06-07,영업/정상, 영업중, 전라남도 무안군 청계면 복길리 560번지, 58557, 336.41
526,    관광펜션업, 2012-07-02,영업/정상, 영업중, 전라남도 무안군 망운면 피서리 809-54, 58534, 1667.5
527,    관광펜션업, 2012-12-18,영업/정상, 영업중, 전라남도 무안군 청계면 구로리 669, 58541, 197.69
528,    관광펜션업, 2017-11-01,영업/정상, 영업중, 전라남도 무안군 청계면 복길리 537-3번지, 58557, 415.66
529,    관광펜션업, 2011-09-20,영업/정상, 영업중, 전라남도 강진군 도암면 학장리 83-11번지 강진베이스볼파크, , 2568.04
530,    관광펜션업, 2015-07-15,영업/정상, 영업중, 전라남도 강진군 성전면 월하리 599번지 3, 59201, 82.79
531,    관광펜션업, 2011-04-07,영업/정상, 영업중, 전라남도 완도군 약산면 득암리 568-2번지, 59136, 800
532,    관광펜션업, 2011-11-07,영업/정상, 영업중, 전라남도 완도군 신지면 신리 530-18번지, 59146, 300.48
533,    관광펜션업, 2016-09-23,영업/정상, 영업중, 전라남도 완도군 신지면 신리 530-24, 59146, 293.78
534,    관광펜션업, 2016-11-17,영업/정상, 영업중, 전라남도 완도군 보길면 부황리 516-8번지, 59160, 
535,    관광펜션업, 2017-08-03,영업/정상, 영업중, 전라남도 완도군 군외면 삼두리 234-8번지, 59106, 132.84
536,    관광펜션업, 2017-11-22,영업/정상, 영업중, 전라남도 완도군 보길면 예송리 225-2번지, 59162, 
537,    관광펜션업, 2017-03-07,영업/정상, 영업중, 경기도 화성시 서신면 제부리 40-1, 18553, 323.54
538,    관광펜션업, 2017-07-14,영업/정상, 영업중, 경기도 화성시 서신면 제부리 10-20, 18553, 285.2
539,    관광펜션업, 2017-08-10,영업/정상, 영업중, 경기도 화성시 서신면 제부리 270-8, 18553, 412.49
540,    관광펜션업, 2017-08-10,영업/정상, 영업중, 경기도 화성시 서신면 제부리 103, 18553, 320.64
541,    관광펜션업, 2017-09-07,영업/정상, 영업중, 경기도 화성시 서신면 제부리 187 (및 187-2번지), 18553, 341.7
542,    관광펜션업, 2019-04-25,영업/정상, 영업중, 경기도 화성시 서신면 제부리 40-13, 18553, 298.15
543,    관광펜션업, 2019-04-26,영업/정상, 영업중, 경기도 화성시 서신면 제부리 290-1, 18553, 492.69
544,    관광펜션업, 2019-04-26,영업/정상, 영업중, 경기도 화성시 서신면 제부리 290-1, 18553, 582.65
545,    관광펜션업, 2019-07-23,영업/정상, 영업중, 경기도 화성시 서신면 제부리 95, 18553, 97.88
546,    관광펜션업, 2019-11-27,영업/정상, 영업중, 경기도 화성시 서신면 제부리 190-95, 18553, 236.65
547,    관광펜션업, 2020-02-04,영업/정상, 영업중, 경기도 화성시 서신면 제부리 198-5, 18553, 239.8
548,    관광펜션업, 2020-06-08,영업/정상, 영업중, 경기도 화성시 서신면 제부리 79-6, 18553, 179.09
549,    관광펜션업, 2020-07-24,영업/정상, 영업중, 경기도 화성시 서신면 제부리 290-97, 18553, 475.08
550,    관광펜션업, 2020-07-28,영업/정상, 영업중, 경기도 화성시 서신면 제부리 190-14, 18553, 139.88
551,    관광펜션업, 2017-08-14,영업/정상, 영업중, 경기도 화성시 서신면 제부리 40-5, 18553, 393.12
552,    관광펜션업, 2017-10-18,영업/정상, 영업중, 경기도 화성시 서신면 제부리 76, 18553, 685.34
553,    관광펜션업, 2017-11-30,영업/정상, 영업중, 경기도 화성시 서신면 제부리 288-58 외 제부리 288-100, 18553, 445.35
554,    관광펜션업, 2017-12-08,영업/정상, 영업중, 경기도 화성시 서신면 제부리 288-12, 18553, 245.07
555,    관광펜션업, 2018-10-04,영업/정상, 영업중, 경기도 화성시 서신면 제부리 288-121, 18553, 1288.91
556,    관광펜션업, 2018-10-04,영업/정상, 영업중, 경기도 화성시 서신면 제부리 186-1, 18553, 106.3
557,    관광펜션업, 2018-10-08,영업/정상, 영업중, 경기도 화성시 서신면 제부리 40-8, 18553, 789.76
558,    관광펜션업, 2018-03-16,영업/정상, 영업중, 경기도 화성시 서신면 제부리 42-15, 18553, 326.18
559,    관광펜션업, 2018-04-24,영업/정상, 영업중, 경기도 화성시 서신면 제부리 96, 18553, 238.28
560,    관광펜션업, 2018-04-26,영업/정상, 영업중, 경기도 화성시 서신면 제부리 102, 18553, 394.56
561,    관광펜션업, 2018-06-14,영업/정상, 영업중, 경기도 화성시 서신면 제부리 190-191, 18553, 534.33
562,    관광펜션업, 2018-07-09,영업/정상, 영업중, 경기도 화성시 서신면 제부리 190-101, 18553, 344.7
563,    관광펜션업, 2018-09-18,영업/정상, 영업중, 경기도 화성시 서신면 제부리 198-6, 18553, 185.25
564,    관광펜션업, 2018-10-04,영업/정상, 영업중, 경기도 화성시 서신면 제부리 288-106, 18553, 668.02
565,    관광펜션업, 2018-10-18,영업/정상, 영업중, 경기도 화성시 서신면 제부리 42-7, 18553, 479.03
566,    관광펜션업, 2018-11-23,영업/정상, 영업중, 경기도 화성시 서신면 제부리 120, 18553, 300.03
567,    관광펜션업, 2018-11-23,영업/정상, 영업중, 경기도 화성시 서신면 제부리 270-6, 18553, 82.65
568,    관광펜션업, 2018-11-26,영업/정상, 영업중, 경기도 화성시 서신면 제부리 190-81, 18553, 126.36
569,    관광펜션업, 2018-11-26,영업/정상, 영업중, 경기도 화성시 서신면 제부리 190-81, 18553, 87.12
570,    관광펜션업, 2018-12-18,영업/정상, 영업중, 경기도 화성시 서신면 제부리 10-2, 18553, 262.08
571,    관광펜션업, 2018-12-18,영업/정상, 영업중, 경기도 화성시 서신면 제부리 10-25, 18553, 291.14
572,    관광펜션업, 2019-02-14,영업/정상, 영업중, 경기도 화성시 서신면 제부리 40-14, 18553, 354.27
573,    관광펜션업, 2020-02-17,영업/정상, 영업중, 경기도 화성시 서신면 제부리 217-2, 18553, 81.15
574,    관광펜션업, 2020-04-16,영업/정상, 영업중, 경기도 화성시 서신면 제부리 190-150, 18553, 207.15
575,    관광펜션업, 2020-05-29,영업/정상, 영업중, 경기도 화성시 서신면 제부리 190-28, 18553, 346.72
576,    관광펜션업, 2017-09-21,영업/정상, 영업중, 경기도 화성시 서신면 제부리 41-1, 18553, 355.56
577,    관광펜션업, 2020-02-25,영업/정상, 영업중, 충청남도 공주시 반포면 학봉리 724번지, 32626, 1754.22
578,    관광펜션업, 2020-02-25,영업/정상, 영업중, 충청남도 공주시 무릉동 473번지, 32592, 177.47
579,    관광펜션업, 2020-01-21,영업/정상, 영업중, 경상남도 남해군 서면 서상리 1138번지, 52410, 
580,    관광펜션업, 2020-03-24,영업/정상, 영업중, 충청남도 태안군 원북면 신두리 1233-32번지, 32108, 
581,    관광펜션업, 2020-02-26,영업/정상, 영업중, 전라남도 신안군 비금면 가산리 179-1번지, 58844, 96.5
582,    관광펜션업, 2020-01-10,영업/정상, 영업중, 강원도 속초시 도문동 1413-1번지, 24902, 189
583,    관광펜션업, 2020-03-09,영업/정상, 영업중, 충청남도 태안군 남면 몽산리 967번지, 32152, 2314
584,    관광펜션업, 2020-03-09,영업/정상, 영업중, 충청남도 공주시 반포면 학봉리 674-3, 32626, 456.05
585,    관광펜션업, 2020-01-10,영업/정상, 영업중, 강원도 양양군 현남면 죽리 216-1번지, 25054, 194.23
586,    관광펜션업, 2020-03-25,영업/정상, 영업중, 경기도 양평군 양서면 양수리 359번지, 12578, 99.14
587,    관광펜션업, 2020-03-06,영업/정상, 영업중, 충청남도 보령시 오천면 영보리 348-2번지 더반힐, 33406, 229.14
588,    관광펜션업, 2020-01-23,영업/정상, 영업중, 경상남도 통영시 용남면 화삼리 2-5번지, 53029, 111.62
589,    관광펜션업, 2020-03-04,영업/정상, 영업중, 경상북도 포항시 남구 호미곶면 구만리 646-5번지, 37928, 
590,    관광펜션업, 2020-01-28,영업/정상, 영업중, 경상북도 포항시 북구 송라면 지경리 407-39번지, 37510, 
591,    관광펜션업, 2020-01-22,영업/정상, 영업중, 인천광역시 옹진군 북도면 장봉리 1302-5 음식점, 23111, 625
592,    관광펜션업, 2021-12-28,영업/정상, 영업중, 경기도 화성시 서신면 제부리 290-9, 18553, 698.32
593,    관광펜션업, 2022-01-11,영업/정상, 영업중, 경상북도 청도군 금천면 소천리 500-2, 38361, 511.84
594,    관광펜션업, 2022-01-17,영업/정상, 영업중, 충청남도 예산군 덕산면 사동리 408, 32406, 489.39
595,    관광펜션업, 2022-01-14,영업/정상, 영업중, 충청북도 진천군 진천읍 원덕리 225-1, 27842, 154.39
596,    관광펜션업, 2021-12-27,영업/정상, 영업중, 전라북도 순창군 복흥면 대방리 212-4, 56005, 769.2
597,    관광펜션업, 2021-12-31,영업/정상, 영업중, 전라남도 여수시 오천동 348, 59621, 0
598,    관광펜션업, 2021-12-31,영업/정상, 영업중, 강원도 홍천군 서면 굴업리 280-1, 25103, 425.82
599,    관광펜션업, 2023-04-24,영업/정상, 영업중, 경상남도 남해군 설천면 진목리 산 276, 52402, 0
600,    관광펜션업, 2023-04-10,영업/정상, 영업중, 경기도 양평군 단월면 명성리 17-1, 12526, 0
601,    관광펜션업, 2023-04-24,영업/정상, 영업중, 전라북도 정읍시 신정동 1582, 56211, 90.2
602,    관광펜션업, 2023-04-19,영업/정상, 영업중, 경상북도 칠곡군 동명면 득명리 161, 39855, 458
603,    관광펜션업, 2023-04-25,영업/정상, 영업중, 경상남도 남해군 설천면 진목리 산 276, 52402, 0
604,    관광펜션업, 2023-04-21,영업/정상, 영업중, 경기도 가평군 상면 상동리 54-3, 12443, 196.83
605,    관광펜션업, 2023-04-05,영업/정상, 영업중, 충청남도 공주시 반포면 공암리 3-12, 32622, 124.78
606,    관광펜션업, 2023-04-12,영업/정상, 영업중, 경상북도 영덕군 강구면 하저리 107, 36453, 2086
607,    관광펜션업, 2023-04-27,영업/정상, 영업중, 충청북도 옥천군 군서면 금산리 85, 29059, 0
608,    관광펜션업, 2023-04-27,영업/정상, 영업중, 충청북도 옥천군 군서면 금산리 81, 29059, 0
609,    관광펜션업, 2023-04-12,영업/정상, 영업중, 경기도 가평군 상면 임초리 621-4, 12447, 0
610,    관광펜션업, 2023-04-27,영업/정상, 영업중, 경상남도 남해군 남면 석교리 919-1, 52436, 0
611,    관광펜션업, 2023-04-26,영업/정상, 영업중, 강원도 동해시 만우동 337-5, 25704, 88.37
612,    관광펜션업, 2010-01-13,영업/정상, 영업중, 경상남도 거제시 일운면 망치리 438-1번지, , 227.98
613,    관광펜션업, 2010-01-13,영업/정상, 영업중, 경상남도 거제시 일운면 망치리 438-1번지, 53329, 228.78
614,    관광펜션업, 2010-01-13,영업/정상, 영업중, 경상남도 거제시 일운면 망치리 438-7번지, , 229.35
615,    관광펜션업, 2010-09-30,영업/정상, 영업중, 경상남도 거제시 일운면 망치리 731-2번지, , 216.5
616,    관광펜션업, 2011-08-19,영업/정상, 영업중, 경상남도 거제시 일운면 망치리 569번지, , 246.61
617,    관광펜션업, 2011-10-07,영업/정상, 영업중, 경상남도 거제시 동부면 학동리 272-1번지, 53332, 358.61
618,    관광펜션업, 2012-07-27,영업/정상, 영업중, 경상남도 거제시 장목면 외포리 1252-21번지, 656-833, 226.43
619,    관광펜션업, 2012-10-04,영업/정상, 영업중, 강원도 철원군 동송읍 상노리 810-5, 24026, 648.49
620,    관광펜션업, 2016-03-07,영업/정상, 영업중, 강원도 철원군 서면 와수리 1157-7, 24058, 566
621,    관광펜션업, 2018-05-17,영업/정상, 영업중, 강원도 철원군 서면 와수리 885번지, 24058, 226.87
622,    관광펜션업, 2018-05-17,영업/정상, 영업중, 강원도 철원군 서면 와수리 885번지, 24058, 226.87
623,    관광펜션업, 2006-06-19,영업/정상, 영업중, 강원도 정선군 북평면 나전리 257-1번지 1통4반, , 112.15
624,    관광펜션업, 2017-02-17,영업/정상, 영업중, 강원도 정선군 남면 무릉리 741-9번지, 26146, 
625,    관광펜션업, 2017-02-27,영업/정상, 영업중, 강원도 정선군 여량면 유천리 277번지, 26104, 
626,    관광펜션업, 2017-08-18,영업/정상, 영업중, 강원도 정선군 정선읍 덕우리 515-7번지, 26124, 
627,    관광펜션업, 2018-06-18,영업/정상, 영업중, 강원도 삼척시 근덕면 장호리 3-43, 25938, 456
628,    관광펜션업, 2005-01-31,영업/정상, 영업중, 강원도 홍천군 남면 화전리 352번지, , 185.02
629,    관광펜션업, 2005-09-26,영업/정상, 영업중, 강원도 홍천군 서면 팔봉리 80번지, , 245.62
630,    관광펜션업, 2006-02-15,영업/정상, 영업중, 강원도 홍천군 서면 팔봉리 81-5번지, 25101, 232
631,    관광펜션업, 2014-09-03,영업/정상, 영업중, 강원도 삼척시 도계읍 심포리 231-3, 25952, 1933
632,    관광펜션업, 2017-05-25,영업/정상, 영업중, 강원도 삼척시 미로면 내미로리 167, 25903, 120.64
633,    관광펜션업, 2004-06-21,영업/정상, 영업중, 강원도 홍천군 서면 어유포리 294-1번지, , 376.02
634,    관광펜션업, 2006-07-04,영업/정상, 영업중, 강원도 홍천군 북방면 노일리 955번지, , 531
635,    관광펜션업, 2007-11-27,영업/정상, 영업중, 강원도 홍천군 서면 팔봉리 85번지, , 251
636,    관광펜션업, 2011-11-15,영업/정상, 영업중, 강원도 홍천군 화촌면 장평리 928, 25159, 98.13
637,    관광펜션업, 2012-05-24,영업/정상, 영업중, 강원도 홍천군 북방면 장항리 118-1번지, 25116, 198.74
638,    관광펜션업, 2018-08-02,영업/정상, 영업중, 전라남도 보성군 문덕면 죽산리 104-12번지, 59400, 182.28
639,    관광펜션업, 2018-07-30,영업/정상, 영업중, 충청남도 보령시 신흑동 2306-1번지, 33488, 370.44
640,    관광펜션업, 2018-07-31,영업/정상, 영업중, 충청남도 보령시 신흑동 2304-5번지, 33488, 383.55
641,    관광펜션업, 2011-07-08,영업/정상, 영업중, 경상북도 포항시 남구 호미곶면 강사리 194번지, , 226.48
642,    관광펜션업, 2012-07-26,영업/정상, 영업중, 경상북도 포항시 북구 청하면 이가리 556-1, 37518, 313.09
643,    관광펜션업, 2012-08-06,영업/정상, 영업중, 경상북도 포항시 북구 청하면 청진리 65-1번지, 37518, 
644,    관광펜션업, 2015-12-04,영업/정상, 영업중, 경상북도 포항시 남구 호미곶면 강사리, 37929, 
645,    관광펜션업, 2016-11-30,영업/정상, 영업중, 경상북도 포항시 북구 송라면 광천리 491-1번지, 37511, 
646,    관광펜션업, 2018-08-31,영업/정상, 영업중, 인천광역시 옹진군 영흥면 내리 738-5 자연의집 펜션, 23118, 631.23
647,    관광펜션업, 2011-05-27,영업/정상, 영업중, 강원도 양양군 강현면 회룡리 347번지, 25005, 
648,    관광펜션업, 2011-09-16,영업/정상, 영업중, 강원도 양양군 서면 내현리 30-14번지, 25038, 2224
649,    관광펜션업, 2012-04-04,영업/정상, 영업중, 강원도 양양군 강현면 하복리 491, 25005, 
650,    관광펜션업, 2013-05-28,영업/정상, 영업중, 강원도 양양군 강현면 물갑리 254-5, 25006, 467.03
651,    관광펜션업, 2017-04-17,영업/정상, 영업중, 강원도 양양군 손양면 수산리 6번지, 25042, 
652,    관광펜션업, 2018-01-16,영업/정상, 영업중, 강원도 양양군 양양읍 거마리 356번지, 25011, 229.86
653,    관광펜션업, 2007-07-19,영업/정상, 영업중, 강원도 양양군 현북면 중광정리 121-4번지, 25046, 245.12
654,    관광펜션업, 2008-04-29,영업/정상, 영업중, 강원도 양양군 현북면 중광정리 121-4번지, 25046, 602.97
655,    관광펜션업, 2010-08-10,영업/정상, 영업중, 강원도 양양군 현북면 하광정리 638-5, 25047, 2935.12
656,    관광펜션업, 2018-08-27,영업/정상, 영업중, 전라북도 무주군 무풍면 삼거리 127-11번지, 55563, 389.4
657,    관광펜션업, 2020-03-19,영업/정상, 영업중, 경상남도 남해군 미조면 송정리 550-3번지, 52441, 
658,    관광펜션업, 2020-03-30,영업/정상, 영업중, 전라남도 보성군 회천면 벽교리 520-32번지, 59472, 196.8
659,    관광펜션업, 2020-04-06,영업/정상, 영업중, 경기도 용인시 처인구 원삼면 목신리 375-3, 17170, 1044.95
660,    관광펜션업, 2020-04-07,영업/정상, 영업중, 경상남도 통영시 산양읍 신전리 173-1번지, 53086, 222.15
661,    관광펜션업, 2020-04-08,영업/정상, 영업중, 전라남도 해남군 화원면 영호리 2-14번지, 59001, 548.96
662,    관광펜션업, 2020-04-21,영업/정상, 영업중, 전라남도 신안군 압해읍 복룡리 147번지 아름다운펜션, 58820, 597.24
663,    관광펜션업, 2020-04-03,영업/정상, 영업중, 경상북도 포항시 북구 송라면 방석리 100번지, 37512, 
664,    관광펜션업, 2020-04-03,영업/정상, 영업중, 경상북도 포항시 북구 송라면 방석리 100번지, 37512, 
665,    관광펜션업, 2020-04-03,영업/정상, 영업중, 경상북도 포항시 북구 송라면 방석리 100번지, 37512, 
666,    관광펜션업, 2020-04-03,영업/정상, 영업중, 경상북도 포항시 북구 송라면 방석리 100번지, 37512, 
667,    관광펜션업, 2020-06-01,영업/정상, 영업중, 경상남도 거제시 남부면 갈곶리 80-15번지 해금강휴게소, 53334, 
668,    관광펜션업, 2020-06-02,영업/정상, 영업중, 충청남도 보령시 신흑동 2257-1번지, 33489, 398.8
669,    관광펜션업, 2020-04-14,영업/정상, 영업중, 경상남도 통영시 광도면 덕포리 874번지 4,5,6동, 53011, 162.92
670,    관광펜션업, 2020-04-14,영업/정상, 영업중, 경상남도 통영시 평림동 985번지 가동, 53063, 199.17
671,    관광펜션업, 2020-05-25,영업/정상, 영업중, 강원도 원주시 판부면 금대리 1298, 26504, 0
672,    관광펜션업, 2021-11-30,영업/정상, 영업중, 전라남도 완도군 금일읍 동백리 102-1, 59143, 901
673,    관광펜션업, 2021-10-13,영업/정상, 영업중, 강원도 춘천시 서면 월송리 770-7, 24460, 161.4
674,    관광펜션업, 2021-11-15,영업/정상, 영업중, 강원도 강릉시 저동 42-6, 25461, 0
675,    관광펜션업, 2021-11-15,영업/정상, 영업중, 강원도 강릉시 저동 42-23, 25461, 0
676,    관광펜션업, 2021-10-22,영업/정상, 영업중, 전라남도 곡성군 죽곡면 하한리 977-4, 57551, 0
677,    관광펜션업, 2021-10-27,영업/정상, 영업중, 전라남도 고흥군 영남면 우천리 120, 59521, 0
678,    관광펜션업, 2021-10-19,영업/정상, 영업중, 경기도 양평군 단월면 산음리 856-2, 12527, 509.4
679,    관광펜션업, 2021-10-21,영업/정상, 영업중, 전라남도 완도군 신지면 신리 992-9, 59146, 94.6
680,    관광펜션업, 2021-12-02,영업/정상, 영업중, 인천광역시 옹진군 영흥면 내리 1527-62, 23117, 453
681,    관광펜션업, 2021-09-30,영업/정상, 영업중, 경상남도 사천시 서포면 비토리 산 43-4, 52545, 2828
682,    관광펜션업, 2021-11-11,영업/정상, 영업중, 경기도 화성시 서신면 제부리 190-29, 18553, 352.99
683,    관광펜션업, 2021-09-30,영업/정상, 영업중, 강원도 고성군 죽왕면 문암진리 364-23, 24752, 0
684,    관광펜션업, 2021-11-04,영업/정상, 영업중, 경상북도 경주시 구정동 278-4, 38128, 229.7
685,    관광펜션업, 2021-09-30,영업/정상, 영업중, 강원도 원주시 지정면 판대리 39-3, 26357, 441.48
686,    관광펜션업, 2023-03-06,영업/정상, 영업중, 경상남도 통영시 도산면 법송리 175-3, 53003, 219.4
687,    관광펜션업, 2023-03-06,영업/정상, 영업중, 강원도 횡성군 갑천면 삼거리 101-2, 25252, 0
688,    관광펜션업, 2023-02-14,영업/정상, 영업중, 강원도 고성군 토성면 성대리 215-20, 24762, 0
689,    관광펜션업, 2023-03-30,영업/정상, 영업중, 강원도 영월군 주천면 신일리 901, 26205, 220.87
690,    관광펜션업, 2023-03-23,영업/정상, 영업중, 경상남도 통영시 산양읍 남평리 294, 53084, 196.56
691,    관광펜션업, 2023-03-30,영업/정상, 영업중, 경상북도 안동시 풍산읍 회곡리 755-3, 36622, 65.96
692,    관광펜션업, 2023-03-29,영업/정상, 영업중, 부산광역시 해운대구 중동 1021-3, 48098, 0
693,    관광펜션업, 2023-02-10,영업/정상, 영업중, 전라남도 고흥군 동일면 덕흥리 산 124-6, 59567, 193.34
694,    관광펜션업, 2023-03-16,영업/정상, 영업중, 경기도 가평군 상면 행현리 644, 12448, 0
695,    관광펜션업, 2023-03-03,영업/정상, 영업중, 충청북도 단양군 대강면 사인암리 18-2, 27028, 97.76
696,    관광펜션업, 2023-02-16,영업/정상, 영업중, 강원도 강릉시 연곡면 삼산리 706, 25400, 277.25
697,    관광펜션업, 2023-03-03,영업/정상, 영업중, 경상북도 청도군 청도읍 거연리 794, 38348, 98.34
698,    관광펜션업, 2023-03-17,영업/정상, 영업중, 경기도 가평군 청평면 대성리 406-1, 12457, 125.35
699,    관광펜션업, 2023-03-28,영업/정상, 영업중, 경기도 가평군 조종면 운악리 417-10, 12432, 699.67
700,    관광펜션업, 2023-03-28,영업/정상, 영업중, 충청남도 금산군 금산읍 상옥리 183-2, 32749, 51.54
701,    관광펜션업, 2023-03-28,영업/정상, 영업중, 경상남도 통영시 도산면 오륜리 549-4, 53004, 226.17
702,    관광펜션업, 2023-03-28,영업/정상, 영업중, 경상남도 통영시 도산면 오륜리 549-1, 53004, 229.6
703,    관광펜션업, 2023-02-07,영업/정상, 영업중, 경상북도 경주시 감포읍 노동리 553-4, 38123, 223.1
704,    관광펜션업, 2023-03-29,영업/정상, 영업중, 충청북도 제천시 봉양읍 옥전리 58-13, 27106, 0
705,    관광펜션업, 2023-02-24,영업/정상, 영업중, 인천광역시 강화군 길상면 선두리 1049-12, 23051, 89
706,    관광펜션업, 2023-03-22,영업/정상, 영업중, 강원도 강릉시 사천면 판교리 514-4, 25435, 249.06
707,    관광펜션업, 2023-02-17,영업/정상, 영업중, 인천광역시 옹진군 영흥면 내리 1624, 23117, 937.57
708,    관광펜션업, 2023-02-03,영업/정상, 영업중, 경상남도 거제시 거제면 외간리 636-38 주8동, 53283, 0
709,    관광펜션업, 2023-02-03,영업/정상, 영업중, 경상남도 거제시 거제면 외간리 636-35 주5동, 53283, 0
710,    관광펜션업, 2023-02-03,영업/정상, 영업중, 경상남도 거제시 거제면 외간리 636-37 주7동, 53283, 0
711,    관광펜션업, 2010-03-19,영업/정상, 영업중, 경상남도 남해군 창선면 동대리 244-1번지 남해관광펜션, 52450, 181.23
712,    관광펜션업, 2016-04-20,영업/정상, 영업중, 경상남도 남해군 서면 서상리 1151번지, 52410, 229.63
713,    관광펜션업, 2017-07-28,영업/정상, 영업중, 경상남도 남해군 삼동면 동천리 307-4번지, 52446, 225.07
714,    관광펜션업, 2018-02-22,영업/정상, 영업중, 경상남도 남해군 서면 서상리 1151-1번지, 52410, 215.69
715,    관광펜션업, 2018-05-10,영업/정상, 영업중, 경상남도 남해군 남면 홍현리 268-1번지, 52436, 524
716,    관광펜션업, 2018-07-04,영업/정상, 영업중, 경상남도 남해군 남면 홍현리 196번지, 52436, 302.1
717,    관광펜션업, 2018-07-04,영업/정상, 영업중, 경상남도 남해군 남면 홍현리 196번지, 52436, 302.1
718,    관광펜션업, 2018-07-10,영업/정상, 영업중, 경상남도 남해군 남면 평산리 1079번지, 52434, 437.13
719,    관광펜션업, 2018-07-11,영업/정상, 영업중, 경상남도 남해군 남면 평산리 1070번지, 52434, 
720,    관광펜션업, 2018-07-24,영업/정상, 영업중, 경상남도 남해군 남면 평산리 1067번지, 52434, 222.66
721,    관광펜션업, 2017-08-01,영업/정상, 영업중, 경상남도 거제시 일운면 소동리 146-1번지, 53326, 
722,    관광펜션업, 2017-12-27,영업/정상, 영업중, 경상남도 거제시 일운면 망치리 731-4번지, 53329, 
723,    관광펜션업, 2017-08-01,영업/정상, 영업중, 경상남도 거제시 장목면 시방리 301-10번지, 53202, 
724,    관광펜션업, 2018-06-01,영업/정상, 영업중, 경상남도 거제시 하청면 연구리 410-2번지, 53203, 
725,    관광펜션업, 2018-06-01,영업/정상, 영업중, 경상남도 거제시 하청면 연구리 412-1번지, 53203, 
726,    관광펜션업, 2014-12-19,영업/정상, 영업중, 경상남도 사천시 서포면 비토리 산 9-77, 664-826, 322.2
727,    관광펜션업, 2015-05-19,영업/정상, 영업중, 경상남도 사천시 신수동 334-3, 52571, 399.6
728,    관광펜션업, 2015-07-30,영업/정상, 영업중, 경상남도 사천시 서포면 비토리 산 9-43, 52545, 860.83
729,    관광펜션업, 2016-09-05,영업/정상, 영업중, 경상남도 사천시 서포면 비토리 264-3, 52545, 142.76
730,    관광펜션업, 2013-12-02,영업/정상, 영업중, 경상남도 통영시 산양읍 신전리 289-2번지, 53086, 247.91
731,    관광펜션업, 2014-10-28,영업/정상, 영업중, 경상남도 통영시 도산면 수월리 1267-1, 53004, 
732,    관광펜션업, 2014-12-04,영업/정상, 영업중, 경상남도 통영시 용남면 화삼리 2번지, 53029, 
733,    관광펜션업, 2016-07-01,영업/정상, 영업중, 경상남도 통영시 산양읍 영운리 404-3번지, 53085, 
734,    관광펜션업, 2016-08-17,영업/정상, 영업중, 경상남도 통영시 산양읍 미남리 457-3번지, 53087, 358
735,    관광펜션업, 2016-10-26,영업/정상, 영업중, 경상남도 통영시 인평동 1266번지, 53063, 
736,    관광펜션업, 2018-06-05,영업/정상, 영업중, 경상남도 통영시 도산면 수월리 178번지, 53003, 
737,    관광펜션업, 2018-06-11,영업/정상, 영업중, 경상남도 통영시 평림동 635번지, 53063, 
738,    관광펜션업, 2018-07-23,영업/정상, 영업중, 강원도 화천군 화천읍 중리 98-5번지, 24114, 171.13
739,    관광펜션업, 2018-07-23,영업/정상, 영업중, 강원도 화천군 화천읍 중리 98-5번지, 24114, 171.13
740,    관광펜션업, 2006-02-01,영업/정상, 영업중, 강원도 평창군 봉평면 유포리 227-3번지, , 313
741,    관광펜션업, 2006-12-13,영업/정상, 영업중, 강원도 평창군 봉평면 원길리 1041-1번지, , 990
742,    관광펜션업, 2008-01-10,영업/정상, 영업중, 강원도 평창군 봉평면 평촌리 550-1번지, , 1376.41
743,    관광펜션업, 2008-04-29,영업/정상, 영업중, 강원도 평창군 방림면 계촌리 2228-2번지, , 196.15
744,    관광펜션업, 2009-03-26,영업/정상, 영업중, 강원도 평창군 진부면 상월오개리 404번지 1통, , 128.49
745,    관광펜션업, 2012-08-06,영업/정상, 영업중, 강원도 평창군 봉평면 평촌리 550-2번지, 25310, 451.7
746,    관광펜션업, 2013-06-15,영업/정상, 영업중, 강원도 홍천군 화촌면 군업리 959번지, 25159, 229
747,    관광펜션업, 2017-10-20,영업/정상, 영업중, 강원도 홍천군 서석면 어론리 886-3번지, 25165, 735.56
748,    관광펜션업, 2015-05-28,영업/정상, 영업중, 강원도 홍천군 서면 대곡리 1040-1, 25103, 240.92
749,    관광펜션업, 2016-06-02,영업/정상, 영업중, 강원도 홍천군 동면 덕치리 267-4번지, 25152, 230
750,    관광펜션업, 2016-08-19,영업/정상, 영업중, 강원도 홍천군 서면 대곡리 1028-12, 25103, 355.35
751,    관광펜션업, 2012-07-30,영업/정상, 영업중, 강원도 홍천군 화촌면 군업리 884, 25159, 581.1
752,    관광펜션업, 2005-01-12,영업/정상, 영업중, 강원도 강릉시 연곡면 삼산리 141번지, , 
753,    관광펜션업, 2010-11-03,영업/정상, 영업중, 강원도 강릉시 연곡면 삼산리 95번지, , 3131
754,    관광펜션업, 2015-06-11,영업/정상, 영업중, 강원도 강릉시 안현동 348-3, 25459, 
755,    관광펜션업, 2013-11-07,영업/정상, 영업중, 강원도 고성군 토성면 천진리 105, 24764, 
756,    관광펜션업, 2013-12-19,영업/정상, 영업중, 강원도 고성군 토성면 청간리, 24758, 
757,    관광펜션업, 2018-02-28,영업/정상, 영업중, 강원도 고성군 토성면 아야진리 181-4번지, 24756, 
758,    관광펜션업, 2018-03-19,영업/정상, 영업중, 강원도 고성군 간성읍 동호리 308-3, 24731, 387.33
759,    관광펜션업, 2020-08-03,영업/정상, 영업중, 경상북도 안동시 와룡면 중가구리 435-2, 36611, 291
760,    관광펜션업, 2020-06-22,영업/정상, 영업중, 전라북도 무주군 설천면 삼공리 373-19번지, 55557, 
761,    관광펜션업, 2020-06-29,영업/정상, 영업중, 강원도 춘천시 남산면 서천리 524-6, 24464, 198.63
762,    관광펜션업, 2020-07-03,영업/정상, 영업중, 전라남도 보성군 벌교읍 장양리 565-5, 59419, 159
763,    관광펜션업, 2020-07-29,영업/정상, 영업중, 경기도 양평군 옥천면 신복리 703-76, 12505, 659
764,    관광펜션업, 2020-08-14,영업/정상, 영업중, 경상북도 경주시 하동 836-16, 38126, 446.48
765,    관광펜션업, 2020-08-07,영업/정상, 영업중, 경기도 화성시 서신면 제부리 190-102, 18553, 410.29
766,    관광펜션업, 2020-08-07,영업/정상, 영업중, 충청남도 보령시 신흑동 2306-10, 33488, 349.23
767,    관광펜션업, 2020-07-20,영업/정상, 영업중, 경상북도 포항시 남구 호미곶면 대보리 1-12, 37928, 0
768,    관광펜션업, 2020-07-22,영업/정상, 영업중, 경상남도 통영시 산양읍 신전리 173-4, 53086, 222.02
769,    관광펜션업, 2020-07-30,영업/정상, 영업중, 강원도 양양군 현북면 하광정리 596-7, 25047, 704.11
770,    관광펜션업, 2020-08-12,영업/정상, 영업중, 경기도 화성시 서신면 제부리 79-1 (제부리 79-5), 18553, 375.46
771,    관광펜션업, 2021-07-23,영업/정상, 영업중, 충청남도 청양군 대치면 광대리 270-3, 33344, 0
772,    관광펜션업, 2021-04-30,영업/정상, 영업중, 경상북도 영덕군 병곡면 백석리 473-6, 36403, 291.73
773,    관광펜션업, 2021-07-21,영업/정상, 영업중, 경상북도 경주시 외동읍 신계리 740-7, 38210, 138.74
774,    관광펜션업, 2021-09-02,영업/정상, 영업중, 전라북도 군산시 옥도면 선유도리 353, 54000, 0
775,    관광펜션업, 2021-08-27,영업/정상, 영업중, 경상남도 남해군 남면 평산리 1004, 52434, 198.74
776,    관광펜션업, 2018-12-28,영업/정상, 영업중, 전라남도 진도군 의신면 금갑리 478, 58939, 547.56
777,    관광펜션업, 2021-09-01,영업/정상, 영업중, 경상북도 포항시 남구 호미곶면 구만리 3-3, 37928, 0
778,    관광펜션업, 2021-09-01,영업/정상, 영업중, 경상북도 포항시 남구 호미곶면 구만리 3, 37928, 0
779,    관광펜션업, 2022-11-20,영업/정상, 영업중, 경상북도 경주시 외동읍 신계리 921-2, 38210, 217.2
780,    관광펜션업, 2023-01-13,영업/정상, 영업중, 전라남도 무안군 청계면 구로리 669, 58541, 57.07
781,    관광펜션업, 2023-01-16,영업/정상, 영업중, 전라남도 강진군 성전면 월남리 725-1, 59200, 0
782,    관광펜션업, 2023-01-16,영업/정상, 영업중, 경상북도 영덕군 강구면 하저리 10-2, 36453, 0
783,    관광펜션업, 2022-12-21,영업/정상, 영업중, 경상남도 남해군 남면 홍현리 366-1, 52436, 0
784,    관광펜션업, 2023-01-18,영업/정상, 영업중, 충청남도 서산시 음암면 탑곡리 864-19, 31937, 0
785,    관광펜션업, 2022-12-13,영업/정상, 영업중, 전라남도 장성군 북하면 쌍웅리 237-16, 57204, 1464.88
786,    관광펜션업, 2022-12-13,영업/정상, 영업중, 경기도 가평군 조종면 상판리 120-5, 12431, 0
787,    관광펜션업, 2022-12-29,영업/정상, 영업중, 인천광역시 강화군 화도면 장화리 285-8 고벵이펜션, 23061, 182.93
788,    관광펜션업, 2022-12-22,영업/정상, 영업중, 경상남도 사천시 서포면 비토리 264-5, 52545, 1315
789,    관광펜션업, 2022-11-16,영업/정상, 영업중, 경상북도 경주시 양남면 하서리 317, 38219, 191.85
790,    관광펜션업, 2022-11-16,영업/정상, 영업중, 경상북도 경주시 양남면 하서리 317, 38219, 189.85
791,    관광펜션업, 2022-11-16,영업/정상, 영업중, 경상북도 경주시 양남면 하서리 317-2, 38219, 152.06
792,    관광펜션업, 2022-11-16,영업/정상, 영업중, 경상북도 경주시 외동읍 신계리 536, 38210, 74.11
793,    관광펜션업, 2022-12-06,영업/정상, 영업중, 경기도 이천시 모가면 양평리 215-5, 17408, 0
794,    관광펜션업, 2023-01-15,영업/정상, 영업중, 경기도 가평군 설악면 이천리 230-1, 12468, 0
795,    관광펜션업, 2023-01-10,영업/정상, 영업중, 강원도 춘천시 남산면 서천리 624, 24464, 0
796,    관광펜션업, 2023-01-11,영업/정상, 영업중, 울산광역시 북구 구유동 167, 44233, 0
797,    관광펜션업, 2022-12-30,영업/정상, 영업중, 경상북도 울릉군 울릉읍 사동리 879-7, 40232, 120.5
798,    관광펜션업, 2021-05-25,영업/정상, 영업중, 전라남도 담양군 월산면 오성리 산 119, 57311, 134.05
799,    관광펜션업, 2021-05-28,영업/정상, 영업중, 충청남도 논산시 벌곡면 양산리 298-1, 33026, 0
800,    관광펜션업, 2021-05-17,영업/정상, 영업중, 전라북도 무주군 설천면 심곡리 551-9, 55555, 
801,    관광펜션업, 2021-05-11,영업/정상, 영업중, 인천광역시 옹진군 자월면 승봉리 604 바다로가는길목민박, 23127, 461.08
802,    관광펜션업, 2021-06-03,영업/정상, 영업중, 경상남도 통영시 산양읍 연화리 41, 53087, 219
803,    관광펜션업, 2021-04-26,영업/정상, 영업중, 전라남도 무안군 해제면 창매리 858-1, 58508, 1045.28
804,    관광펜션업, 2021-05-04,영업/정상, 영업중, 전라남도 고흥군 금산면 신촌리 1246, 59564, 
805,    관광펜션업, 2021-04-30,영업/정상, 영업중, 강원도 홍천군 서면 굴업리 312, 25103, 563
806,    관광펜션업, 2021-05-20,영업/정상, 영업중, 전라북도 부안군 변산면 격포리 282-24, 56337, 993.88
807,    관광펜션업, 2021-06-10,영업/정상, 영업중, 강원도 강릉시 초당동 316, 25466, 177.9
808,    관광펜션업, 2021-06-10,영업/정상, 영업중, 전라북도 군산시 옥도면 선유도리 25 망주봉 산장, 54000, 
809,    관광펜션업, 2021-07-02,영업/정상, 영업중, 경상남도 남해군 창선면 부윤리 71-11, 52455, 363.72
810,    관광펜션업, 2021-06-18,영업/정상, 영업중, 전라북도 무주군 설천면 삼공리 530-1, 55557, 
811,    관광펜션업, 2021-06-01,영업/정상, 영업중, 경상남도 거제시 하청면 석포리 348, 53205, 
812,    관광펜션업, 2021-06-11,영업/정상, 영업중, 강원도 속초시 도문동 663-1, 24904, 282.18
813,    관광펜션업, 2014-11-10,영업/정상, 영업중, 경상남도 산청군 신안면 외송리 1052, 52262, 0
814,    관광펜션업, 2004-08-02,영업/정상, 영업중, 경상남도 밀양시 단장면 고례리 1549-4번지, 50418, 542.97
815,    관광펜션업, 2007-09-11,영업/정상, 영업중, 경상남도 밀양시 단장면 범도리 850번지, 50418, 
816,    관광펜션업, 2017-01-20,영업/정상, 영업중, 경상남도 고성군 삼산면 장치리 586-1, 52954, 246
817,    관광펜션업, 2005-10-27,영업/정상, 영업중, 경상남도 거제시 일운면 와현리 611번지, , 337.35
818,    관광펜션업, 2005-12-30,영업/정상, 영업중, 경상남도 거제시 일운면 구조라리 781-2번지, , 268.32
819,    관광펜션업, 2006-08-07,영업/정상, 영업중, 경상남도 거제시 일운면 구조라리 420-2, , 492.46
820,    관광펜션업, 2007-03-08,영업/정상, 영업중, 경상남도 남해군 미조면 송정리 304-4번지, 52441, 1001.06
821,    관광펜션업, 2008-11-14,영업/정상, 영업중, 경상남도 남해군 서면 작장리 682-2번지 펜션남해스토리, 52409, 228.75
822,    관광펜션업, 2010-03-19,영업/정상, 영업중, 경상남도 남해군 창선면 서대리 477-2, 52451, 384
823,    관광펜션업, 2018-03-28,영업/정상, 영업중, 경기도 김포시 월곶면 성동리 169-1번지, 10000, 
824,    관광펜션업, 2018-09-28,영업/정상, 영업중, 충청남도 공주시 사곡면 고당리 262-3, 32523, 199.23
825,    관광펜션업, 2018-09-28,영업/정상, 영업중, 충청남도 공주시 사곡면 고당리 262-6번지, 32523, 150.66
826,    관광펜션업, 2018-09-12,영업/정상, 영업중, 전라남도 영암군 영암읍 개신리 319-6번지, 58424, 199
827,    관광펜션업, 2018-09-12,영업/정상, 영업중, 전라남도 영암군 영암읍 회문리 21-3번지 영암펜션, 58420, 208.25
828,    관광펜션업, 2018-09-08,영업/정상, 영업중, 충청남도 태안군 안면읍 승언리 1332번지, 32166, 1362.35
829,    관광펜션업, 2018-09-28,영업/정상, 영업중, 충청남도 공주시 사곡면 고당리 300-1번지, 32523, 140.35
830,    관광펜션업, 2020-09-10,영업/정상, 영업중, 강원도 춘천시 서면 신매리 67-8, 24460, 157.63
831,    관광펜션업, 2020-09-14,영업/정상, 영업중, 강원도 강릉시 사천면 사천진리 192-5, 25435, 
832,    관광펜션업, 2020-09-22,영업/정상, 영업중, 경상남도 거제시 동부면 율포리 811-1, 53330, 
833,    관광펜션업, 2020-10-20,영업/정상, 영업중, 충청남도 태안군 남면 신온리 833-168, 32158, 
834,    관광펜션업, 2020-10-20,영업/정상, 영업중, 충청남도 태안군 남면 몽산리 603-12, 32152, 
835,    관광펜션업, 2020-10-26,영업/정상, 영업중, 전라북도 무주군 설천면 심곡리 617-1, 55555, 381
836,    관광펜션업, 2020-10-26,영업/정상, 영업중, 전라북도 무주군 설천면 삼공리 810-3, 55557, 199.21
837,    관광펜션업, 2020-10-26,영업/정상, 영업중, 전라북도 무주군 설천면 심곡리 738-1, 55555, 575.16
838,    관광펜션업, 2020-11-03,영업/정상, 영업중, 경상남도 합천군 용주면 가호리 328-2, 50215, 439.5
839,    관광펜션업, 2020-11-16,영업/정상, 영업중, 충청남도 태안군 소원면 모항리 829-3, 32123, 573.65
840,    관광펜션업, 2022-10-13,영업/정상, 영업중, 경기도 남양주시 오남읍 팔현리 249-1, 12038, 280
841,    관광펜션업, 2022-09-26,영업/정상, 영업중, 경상남도 통영시 사량면 금평리 1097-7, 53103, 450.24
842,    관광펜션업, 2022-11-09,영업/정상, 영업중, 강원도 삼척시 근덕면 용화리 14-18 스테이용화, 25938, 193.08
843,    관광펜션업, 2022-10-11,영업/정상, 영업중, 전라북도 진안군 부귀면 봉암리 330-3, 55413, 0
844,    관광펜션업, 2022-11-04,영업/정상, 영업중, 전라남도 화순군 동면 경치리 472, 58130, 64.24
845,    관광펜션업, 2022-11-04,영업/정상, 영업중, 경상남도 남해군 이동면 화계리 638, 52438, 182
846,    관광펜션업, 2022-11-03,영업/정상, 영업중, 전라남도 진도군 진도읍 산월리 631-12, 58930, 43.42
847,    관광펜션업, 2022-10-06,영업/정상, 영업중, 경상북도 영덕군 영덕읍 대부리 106-1, 36425, 0
848,    관광펜션업, 2022-09-05,영업/정상, 영업중, 경상북도 경주시 구정동 278-6, 38128, 223.9
849,    관광펜션업, 2022-09-15,영업/정상, 영업중, 경상북도 문경시 마성면 신현리 110-9, 36923, 185.59
850,    관광펜션업, 2022-09-18,영업/정상, 영업중, 경상북도 문경시 마성면 신현리 110-13, 36923, 205.2
851,    관광펜션업, 2022-10-20,영업/정상, 영업중, 경상남도 사천시 서포면 비토리 264-4, 52545, 586
852,    관광펜션업, 2022-10-24,영업/정상, 영업중, 경상북도 칠곡군 동명면 기성리 807, 39855, 0
853,    관광펜션업, 2022-11-09,영업/정상, 영업중, 강원도 홍천군 북방면 노일리 736, 25111, 194.95
854,    관광펜션업, 2022-11-09,영업/정상, 영업중, 강원도 홍천군 북방면 노일리 736-1, 25111, 228.16
855,    관광펜션업, 2021-04-12,영업/정상, 영업중, 충청남도 태안군 안면읍 황도리 69, 32160, 217.51
856,    관광펜션업, 2021-04-12,영업/정상, 영업중, 인천광역시 강화군 길상면 선두리 1032-24 해밀카페, 23051, 
857,    관광펜션업, 2021-04-12,영업/정상, 영업중, 인천광역시 강화군 화도면 여차리 931-2 나눔펜션, 23061, 
858,    관광펜션업, 2021-03-14,영업/정상, 영업중, 충청남도 공주시 무릉동 462, 32592, 195.35
859,    관광펜션업, 2021-03-08,영업/정상, 영업중, 전라남도 구례군 토지면 외곡리 159-4, 57623, 113.46
860,    관광펜션업, 2021-04-23,영업/정상, 영업중, 경상북도 문경시 문경읍 상초리 324-7, 36919, 
861,    관광펜션업, 2021-02-17,영업/정상, 영업중, 경상남도 통영시 산양읍 남평리 1284-3, 53083, 228.86
862,    관광펜션업, 2021-02-15,영업/정상, 영업중, 경상남도 거창군 위천면 장기리 140, 50103, 988.13
863,    관광펜션업, 2021-03-16,영업/정상, 영업중, 충청남도 공주시 유구읍 연종리 88, 32501, 280
864,    관광펜션업, 2021-03-16,영업/정상, 영업중, 경상남도 남해군 남면 당항리 32, 52437, 685.38
865,    관광펜션업, 2021-02-04,영업/정상, 영업중, 강원도 평창군 평창읍 후평리 376-4 청성애원, 25372, 322.72
866,    관광펜션업, 2021-04-05,영업/정상, 영업중, 인천광역시 강화군 화도면 장화리 485-3, 23061, 
867,    관광펜션업, 2021-04-05,영업/정상, 영업중, 인천광역시 강화군 화도면 장화리 485-18, 23061, 
868,    관광펜션업, 2021-04-01,영업/정상, 영업중, 전라남도 보성군 회천면 군농리 1092-3, 59470, 199.44
869,    관광펜션업, 2021-04-01,영업/정상, 영업중, 전라남도 보성군 회천면 군농리 1092-2, 59470, 199.44
870,    관광펜션업, 2021-04-01,영업/정상, 영업중, 전라남도 보성군 회천면 군농리 1092-4, 59470, 199.44
871,    관광펜션업, 2021-03-18,영업/정상, 영업중, 경상북도 청도군 화양읍 교촌리 228, 38334, 96.6
872,    관광펜션업, 2021-03-18,영업/정상, 영업중, 경상북도 문경시 불정동 312, 36987, 103.11
873,    관광펜션업, 2021-03-19,영업/정상, 영업중, 충청북도 제천시 청풍면 북진리 322, 27215, 224.35
874,    관광펜션업, 2021-03-26,영업/정상, 영업중, 경상북도 경주시 마동 545-1, 38127, 198.86
875,    관광펜션업, 2021-03-26,영업/정상, 영업중, 경상북도 경주시 마동 545-1, 38127, 173.66
876,    관광펜션업, 2021-04-20,영업/정상, 영업중, 부산광역시 기장군 기장읍 시랑리 691-6, 46084, 
877,    관광펜션업, 2016-12-20,영업/정상, 영업중, 경기도 남양주시 오남읍 오남리 23-12번지, 12037, 
878,    관광펜션업, 2005-08-17,영업/정상, 영업중, 경기도 가평군 청평면 호명리 339-6, 12455, 565.55
879,    관광펜션업, 2006-10-16,영업/정상, 영업중, 경기도 가평군 청평면 고성리 717, 12456, 848.68
880,    관광펜션업, 2010-08-05,영업/정상, 영업중, 경기도 가평군 조종면 상판리 147, 12431, 652.75
881,    관광펜션업, 2012-09-04,영업/정상, 영업중, 경기도 가평군 청평면 상천리 129 4동 2층, 12449, 536.6
882,    관광펜션업, 2012-10-11,영업/정상, 영업중, 경기도 가평군 설악면 회곡리 247-1, 12459, 229.67
883,    관광펜션업, 2017-03-09,영업/정상, 영업중, 경기도 가평군 가평읍 두밀리 129-1, 12425, 1963
884,    관광펜션업, 2017-09-14,영업/정상, 영업중, 경기도 가평군 청평면 호명리 339-3, 12455, 133.37
885,    관광펜션업, 2018-01-19,영업/정상, 영업중, 경기도 가평군 설악면 가일리 226-5번지, 12473, 
886,    관광펜션업, 2018-08-02,영업/정상, 영업중, 전라북도 부안군 변산면 대항리 616-3, 56342, 
887,    관광펜션업, 2018-10-04,영업/정상, 영업중, 인천광역시 중구 중산동 1946-18 블루오션프라자, 22393, 965.08
888,    관광펜션업, 2018-10-26,영업/정상, 영업중, 충청남도 보령시 신흑동 2256-7번지, 33489, 495.63
889,    관광펜션업, 2018-10-08,영업/정상, 영업중, 경상남도 통영시 산양읍 풍화리 339-2번지, 53081, 214.31
890,    관광펜션업, 2018-10-26,영업/정상, 영업중, 충청남도 태안군 안면읍 황도리 64-9번지, 32160, 390.02
891,    관광펜션업, 2018-10-26,영업/정상, 영업중, 충청남도 태안군 안면읍 황도리 64-9번지, 32160, 283.14
892,    관광펜션업, 2018-10-26,영업/정상, 영업중, 충청남도 태안군 안면읍 황도리 64-9번지, 32160, 434.37
893,    관광펜션업, 2022-07-27,영업/정상, 영업중, 인천광역시 강화군 화도면 동막리 55-7, 23062, 271.37
894,    관광펜션업, 2022-08-10,영업/정상, 영업중, 강원도 홍천군 내면 율전리 1228, 25169, 195.58
895,    관광펜션업, 2022-08-10,영업/정상, 영업중, 충청남도 태안군 안면읍 승언리 2545, 32165, 0
896,    관광펜션업, 2022-07-04,영업/정상, 영업중, 경상남도 남해군 남면 석교리 431, 52436, 129.08
897,    관광펜션업, 2022-08-18,영업/정상, 영업중, 경상북도 경주시 구정동 291-14 블리블리키즈풀빌라, 38128, 367.32
898,    관광펜션업, 2022-08-23,영업/정상, 영업중, 강원도 원주시 신림면 금창리 467-5, 26506, 0
899,    관광펜션업, 2022-07-07,영업/정상, 영업중, 전라남도 고흥군 영남면 우천리 571, 59521, 82.5
900,    관광펜션업, 2022-07-07,영업/정상, 영업중, 경상북도 문경시 가은읍 완장리 543, 36992, 81
901,    관광펜션업, 2022-07-07,영업/정상, 영업중, 경상북도 문경시 가은읍 원북리 378, 36993, 195.6
902,    관광펜션업, 2022-08-26,영업/정상, 영업중, 경기도 가평군 가평읍 복장리 422, 12430, 591.91
903,    관광펜션업, 2022-08-26,영업/정상, 영업중, 경상북도 청도군 풍각면 수월리 195, 38306, 1759
904,    관광펜션업, 2022-08-03,영업/정상, 영업중, 강원도 강릉시 안현동 224-56, 25459, 0
905,    관광펜션업, 2022-08-11,영업/정상, 영업중, 강원도 양구군 동면 원당리 130, 24511, 102.78
906,    관광펜션업, 2022-08-18,영업/정상, 영업중, 전라북도 무주군 설천면 소천리 1208, 55548, 0
907,    관광펜션업, 2018-05-28,영업/정상, 영업중, 충청북도 충주시 수안보면 온천리 472번지 외 1필지, 27497, 392.92
908,    관광펜션업, 2015-12-07,영업/정상, 영업중, 충청북도 제천시 한수면 송계리 106번지, 27226, 218.58
909,    관광펜션업, 2016-02-19,영업/정상, 영업중, 충청북도 단양군 가곡면 가대리 1127번지, 27021, 
910,    관광펜션업, 2012-07-02,영업/정상, 영업중, 인천광역시 강화군 삼산면 매음리 1055-2, 23007, 
911,    관광펜션업, 2015-04-07,영업/정상, 영업중, 인천광역시 강화군 화도면 사기리, 23059, 413.81
912,    관광펜션업, 2015-11-18,영업/정상, 영업중, 인천광역시 강화군 화도면 동막리 165번지, 23062, 
913,    관광펜션업, 2016-12-27,영업/정상, 영업중, 인천광역시 강화군 화도면 동막리 산 125-1번지, 23062, 
914,    관광펜션업, 2017-03-27,영업/정상, 영업중, 인천광역시 강화군 화도면 동막리 184-1번지, 23062, 
915,    관광펜션업, 2018-01-03,영업/정상, 영업중, 인천광역시 강화군 화도면 동막리 66-30번지, 23062, 206.52
916,    관광펜션업, 2004-07-15,영업/정상, 영업중, 인천광역시 강화군 삼산면 매음리 886-5번지, 23007, 
917,    관광펜션업, 2007-06-15,영업/정상, 영업중, 인천광역시 강화군 화도면 사기리 514-3번지, 23059, 234.4
918,    관광펜션업, 2010-11-23,영업/정상, 영업중, 인천광역시 강화군 화도면 동막리 61-19번지, 23062, 583.2
919,    관광펜션업, 2010-09-06,영업/정상, 영업중, 경상남도 하동군 금남면 중평리 835-1, 667-924, 
920,    관광펜션업, 2018-12-13,영업/정상, 영업중, 경기도 파주시 탄현면 축현리 137-1번지, 10846, 105
921,    관광펜션업, 2018-12-05,영업/정상, 영업중, 경상북도 영덕군 병곡면 병곡리 21번지, , 2143.08
922,    관광펜션업, 2018-12-20,영업/정상, 영업중, 경상북도 경주시 감포읍 나정리 산 42-2번지, 38123, 
923,    관광펜션업, 2018-12-06,영업/정상, 영업중, 경상남도 거제시 일운면 구조라리 561-6번지, 53329, 
924,    관광펜션업, 2018-12-07,영업/정상, 영업중, 강원도 홍천군 서면 굴업리 310-1번지, 25103, 184.77
925,    관광펜션업, 2018-12-07,영업/정상, 영업중, 강원도 홍천군 서면 굴업리 311-4, 25103, 242.11
926,    관광펜션업, 2018-12-07,영업/정상, 영업중, 강원도 홍천군 서면 굴업리 312-17, 25103, 199.08
927,    관광펜션업, 2020-11-27,영업/정상, 영업중, 경기도 화성시 서신면 제부리 41-17, 18553, 199.6
928,    관광펜션업, 2021-01-12,영업/정상, 영업중, 전라북도 무주군 설천면 심곡리 624-1, 55555, 
929,    관광펜션업, 2021-01-21,영업/정상, 영업중, 강원도 춘천시 신동면 증리 68, 24412, 
930,    관광펜션업, 2020-12-01,영업/정상, 영업중, 경기도 가평군 상면 행현리 805-4, 12448, 
931,    관광펜션업, 2022-05-02,영업/정상, 영업중, 경기도 양주시 장흥면 삼상리 174-1, 11524, 0
932,    관광펜션업, 2022-05-02,영업/정상, 영업중, 경상남도 남해군 남면 홍현리 1428, 52436, 192.78
933,    관광펜션업, 2022-06-14,영업/정상, 영업중, 경상남도 창원시 마산합포구 진동면 다구리 158-1, 51781, 198
934,    관광펜션업, 2022-06-15,영업/정상, 영업중, 강원도 춘천시 신북읍 용산리 341-3, 24202, 0
935,    관광펜션업, 2022-05-13,영업/정상, 영업중, 전라남도 진도군 군내면 둔전리 1-36, 58900, 79.2
936,    관광펜션업, 2022-05-31,영업/정상, 영업중, 경상북도 문경시 불정동 67, 36987, 192
937,    관광펜션업, 2022-06-20,영업/정상, 영업중, 경상남도 남해군 남면 홍현리 1427, 52436, 221.6
938,    관광펜션업, 2022-06-27,영업/정상, 영업중, 경기도 가평군 상면 상동리 187-3, 12443, 0
939,    관광펜션업, 2022-06-27,영업/정상, 영업중, 강원도 양양군 현남면 임호정리 71-7, 25058, 109.41
940,    관광펜션업, 2022-05-06,영업/정상, 영업중, 강원도 고성군 토성면 아야진리 206-3, 24756, 258.43
941,    관광펜션업, 2022-05-09,영업/정상, 영업중, 전라남도 신안군 신의면 상태동리 275, 58857, 0
942,    관광펜션업, 2022-05-23,영업/정상, 영업중, 전라남도 여수시 화양면 용주리 481-20, 59659, 0
943,    관광펜션업, 2022-05-23,영업/정상, 영업중, 경상남도 하동군 화개면 탑리 539-8, 52303, 0
944,    관광펜션업, 2022-04-28,영업/정상, 영업중, 강원도 강릉시 강동면 정동진리 524-1, 25631, 0
945,    관광펜션업, 2010-11-30,취소/말소/만료/정지/중지, 등록취소, 경기도 여주시 북내면 운촌리 602-3번지, , 152.79
946,    관광펜션업, 2018-01-24,취소/말소/만료/정지/중지, 지정취소, 충청남도 태안군 남면 신온리 652-264번지, 32158, 464.3
947,    관광펜션업, 2013-09-17,취소/말소/만료/정지/중지, 지정취소, 충청남도 태안군 남면 원청리, , 310.88
948,    관광펜션업, 2011-10-28,취소/말소/만료/정지/중지, 지정취소, 충청남도 태안군 남면 신온리 652-280번지, 32158, 425.21
949,    관광펜션업, 2010-07-21,취소/말소/만료/정지/중지, 지정취소, 경기도 연천군 왕징면 북삼리 225-7번지, 11042, 931.3
950,    관광펜션업, 2011-06-16,취소/말소/만료/정지/중지, 지정취소, 부산광역시 기장군 기장읍 대변리 433-3번지, 46079, 187.38
951,    관광펜션업, 2012-06-27,취소/말소/만료/정지/중지, 지정취소, 전라북도 무주군 설천면 삼공리 530-1번지, 55557, 378.84
952,    관광펜션업, 2018-01-23,취소/말소/만료/정지/중지, 지정취소, 전라북도 군산시 옥도면 대장도리 12 ,대장도리 10, 54000, 428.5
953,    관광펜션업, 2010-01-19,취소/말소/만료/정지/중지, 지정취소, 강원도 횡성군 둔내면 두원리 404-11, , 991
954,    관광펜션업, 2010-02-04,취소/말소/만료/정지/중지, 지정취소, 강원도 횡성군 둔내면 두원리 404-11, , 991
955,    관광펜션업, 2017-08-10,취소/말소/만료/정지/중지, 지정취소, 강원도 횡성군 둔내면 삽교리 1149-12번지, 25261, 
956,    관광펜션업, 2017-09-17,취소/말소/만료/정지/중지, 지정취소, 강원도 횡성군 둔내면 삽교리 1212번지, 25261, 18.9
957,    관광펜션업, 2012-12-05,취소/말소/만료/정지/중지, 지정취소, 전라남도 함평군 해보면 광암리 393-9번지, 57115, 168.95
958,    관광펜션업, 2011-12-15,취소/말소/만료/정지/중지, 지정취소, 경상남도 통영시 용남면 장평리 470, 53024, 
959,    관광펜션업, 2015-01-06,취소/말소/만료/정지/중지, 지정취소, 울산광역시 울주군 서생면 대송리 25-12번지, 45015, 579
960,    관광펜션업, 2017-01-18,취소/말소/만료/정지/중지, 지정취소, 울산광역시 울주군 서생면 대송리 212번지, 45015, 3765
961,    관광펜션업, 2015-12-29,취소/말소/만료/정지/중지, 지정취소, 전라남도 고흥군 금산면 신평리 277-9번지, 59564, 403.99
962,    관광펜션업, 2007-12-05,취소/말소/만료/정지/중지, 지정취소, 강원도 정선군 화암면 몰운리 176-3번지, , 233.37
963,    관광펜션업, 2017-09-01,취소/말소/만료/정지/중지, 지정취소, 강원도 삼척시 근덕면 용화리 204-3번지, 25938, 518.1
964,    관광펜션업, 2016-08-08,취소/말소/만료/정지/중지, 지정취소, 강원도 삼척시 교동 459번지, 25909, 84.66
965,    관광펜션업, 2017-07-20,취소/말소/만료/정지/중지, 지정취소, 강원도 삼척시 하장면 번천리 84-5번지, 25901, 307.79
966,    관광펜션업, 2017-07-21,취소/말소/만료/정지/중지, 지정취소, 강원도 삼척시 교동 42번지, 25910, 270.11
967,    관광펜션업, 2017-07-27,취소/말소/만료/정지/중지, 지정취소, 강원도 삼척시 원덕읍 월천리 263-4번지, 25960, 491.91
968,    관광펜션업, 2017-08-09,취소/말소/만료/정지/중지, 지정취소, 강원도 삼척시 근덕면 장호리 224-1번지, 25938, 369.62
969,    관광펜션업, 2017-08-09,취소/말소/만료/정지/중지, 지정취소, 강원도 삼척시 근덕면 장호리 212번지, 25938, 470.3
970,    관광펜션업, 2017-08-31,취소/말소/만료/정지/중지, 지정취소, 강원도 삼척시 근덕면 장호리 185번지, 25938, 484.74
971,    관광펜션업, 2017-09-01,취소/말소/만료/정지/중지, 지정취소, 강원도 삼척시 근덕면 장호리 185-4번지, 25938, 416.94
972,    관광펜션업, 2004-12-14,취소/말소/만료/정지/중지, 지정취소, 강원도 양양군 강현면 장산리 515번지, , 626.58
973,    관광펜션업, 2010-06-03,취소/말소/만료/정지/중지, 지정취소, 강원도 양양군 서면 미천리 47-1번지, 25040, 198.2
974,    관광펜션업, 2011-04-05,취소/말소/만료/정지/중지, 지정취소, 경상남도 양산시 원동면 선리 170-1번지, 626-831, 225.79
975,    관광펜션업, 2010-12-21,취소/말소/만료/정지/중지, 지정취소, 강원도 평창군 봉평면 흥정리 287번지, , 
976,    관광펜션업, 2004-08-16,취소/말소/만료/정지/중지, 지정취소, 강원도 평창군 봉평면 무이리 1143번지, , 1650
977,    관광펜션업, 2004-05-12,취소/말소/만료/정지/중지, 지정취소, 강원도 평창군 평창읍 대하리 235-1번지, , 495
978,    관광펜션업, 2004-12-07,취소/말소/만료/정지/중지, 지정취소, 강원도 평창군 봉평면 흥정리 339-4번지, , 933
979,    관광펜션업, 2004-12-15,취소/말소/만료/정지/중지, 지정취소, 강원도 평창군 봉평면 흥정리 339번지, , 714
980,    관광펜션업, 2006-02-07,취소/말소/만료/정지/중지, 지정취소, 강원도 평창군 봉평면 무이리 1143번지, , 1986
981,    관광펜션업, 2018-06-15,취소/말소/만료/정지/중지, 지정취소, 강원도 영월군 김삿갓면 주문리 101, 26246, 742.5
982,    관광펜션업, 2020-07-17,취소/말소/만료/정지/중지, 지정취소, 부산광역시 기장군 일광읍 문동리 7-18, 46039, 327.66
983,    관광펜션업, 2020-07-17,취소/말소/만료/정지/중지, 지정취소, 부산광역시 기장군 일광읍 문동리 7-6, 46039, 1017.59
984,    관광펜션업, 2020-07-17,취소/말소/만료/정지/중지, 지정취소, 부산광역시 기장군 일광읍 문동리 9-2, 46039, 182.49
985,    관광펜션업, 2017-07-04,취소/말소/만료/정지/중지, 지정취소, 충청북도 충주시 수안보면 사문리 277번지, 27500, 465.58
986,    관광펜션업, 2003-11-13,취소/말소/만료/정지/중지, 지정취소, 충청북도 단양군 가곡면 가대리 1139번지, 27021, 167.39
987,    관광펜션업, 2003-12-03,취소/말소/만료/정지/중지, 지정취소, 충청북도 단양군 가곡면 가대리 1126번지, 395-820, 177.09
988,    관광펜션업, 2010-08-03,취소/말소/만료/정지/중지, 직권말소, 충청남도 태안군 남면 양잠리 1230-28번지, , 884.88
989,    관광펜션업, 2007-10-11,취소/말소/만료/정지/중지, 직권말소, 충청남도 태안군 고남면 고남리 486-3번지, , 1283
990,    관광펜션업, 2018-01-09,취소/말소/만료/정지/중지, 직권말소, 경상남도 창원시 마산합포구 진전면 시락리 823, 51797, 891.81